gene,mean_GFI1_low,mean_GFI1_high,log2FC,pvalue,padj,significant,is_secreted
TGFB1,0.8314763850233345,0.4078830059502347,1.027519889844782,6.755286493090094e-40,2.894640262289106e-37,True,True
VEGFA,0.8360078219923252,0.4309094675360052,0.9561316444173154,2.88683729157688e-38,8.246731862937955e-36,True,True
CCL2,0.817325692249516,0.4241116369938335,0.9464670167800247,8.494001024865756e-33,1.2132264797183254e-30,True,True
MMP9,0.8189197323851782,0.4274682721021849,0.9379047078449634,2.037232883388513e-31,1.939898423404395e-29,True,True
SPP1,0.78933141926418,0.4122013901139038,0.9372818064597531,2.414602992005877e-32,2.586643455186296e-30,True,True
CXCL8,0.8446176018164944,0.44132009598921224,0.9364728696996126,1.7023661972929026e-37,3.647319577700044e-35,True,True
S100A8,0.7856285391354871,0.4124026195349393,0.9297938420952386,2.2994455431724758e-32,2.586643455186296e-30,True,True
CSF1,0.7870041632656488,0.41485160704018365,0.9237758927945209,1.2830751845890139e-29,9.996322119934408e-28,True,True
CXCL12,0.8137996743034857,0.4309903142209273,0.9170182554752232,6.736622560028997e-34,1.15465710678897e-31,True,True
ANGPT2,0.8162770642525962,0.44388336493746194,0.8788782780971127,4.517769389627721e-31,3.871728366910957e-29,True,True
S100A9,0.800739922916762,0.43977357348825047,0.8645728236550242,3.798194394994666e-27,2.712543830425357e-25,True,True
IL6,0.8025756304431857,0.44700717529309414,0.8443393609984656,1.4669252220665623e-26,9.670422425469569e-25,True,True
BG_0232,0.44480068779223364,0.39137391630035384,0.18461141029133088,0.026214964260961336,0.560724895402316,False,False
BG_0482,0.447484503748528,0.39790637442798027,0.1694087120791944,0.005795942386424421,0.2759512569536516,False,False
BG_0552,0.43203743152770624,0.38445080961336336,0.16835729473042285,0.0038773315076108534,0.20767956887640635,False,False
BG_0371,0.4315373530726703,0.38435179873290215,0.1670580216486873,0.007501941285573535,0.29223471280620544,False,False
LGALS1,0.42831321558683394,0.3839498608559083,0.15774826724884564,0.15230053591550055,0.8408540253575056,False,True
BG_0620,0.4399257711116764,0.39665213652618675,0.14938579771421576,0.01298150327441444,0.38362580366114396,False,False
BG_0138,0.4364768911565882,0.3943722427668989,0.14634726019158323,0.025764492814311257,0.560724895402316,False,False
BG_0204,0.44172785725837127,0.4002405722640135,0.14229039759053405,0.06729034459415145,0.7892044316250544,False,False
BG_0782,0.4332212435398871,0.393694334538344,0.13802803748668133,0.00892877102251058,0.2943060294727526,False,False
BG_0695,0.43270084578767654,0.3932508296344058,0.1379201314836252,0.1350984159804654,0.8323952397004635,False,False
BG_0365,0.4312822558699766,0.3922161655272923,0.13698336220384635,0.026825811798710564,0.560724895402316,False,False
BG_0108,0.42738563362826304,0.38899795769864226,0.1357758324295984,0.012828517487540853,0.38362580366114396,False,False
BG_0306,0.4446190590997371,0.4050068236499953,0.13462357738138173,0.033785169503246754,0.6160402183889887,False,False
BG_0634,0.434054307822887,0.39538877951514895,0.1346036301397278,0.08095633368612841,0.7892044316250544,False,False
BG_0450,0.4307194420662087,0.39250160951577684,0.13404987624378792,0.08414536826029981,0.7892044316250544,False,False
BG_0520,0.43662686493590674,0.3980985913700509,0.13327513310892283,0.03134825510779356,0.5970101028306463,False,False
BG_0141,0.44914561667418984,0.4097444663574475,0.13245878860324112,0.03692751521890471,0.6458547049510476,False,False
BG_0087,0.44051615758471935,0.40214708892035594,0.1314716597392361,0.09552297436418439,0.7892044316250544,False,False
BG_0570,0.43217737132417106,0.39567696020592646,0.12730047374386372,0.02337778944694227,0.5414801501629601,False,False
BG_0243,0.4249564105338673,0.3893123067049432,0.12638691487324422,0.07407538337711161,0.7892044316250544,False,False
BG_0410,0.4261415555666871,0.39077981899669345,0.12497677977184506,0.03477292531262265,0.6208416040191169,False,False
BG_0327,0.41829486598078564,0.38409012031175166,0.12307543602134936,0.10957586305752202,0.8177191859000699,False,False
IL6R,0.413411959765195,0.3799693480849109,0.12169708384029011,0.0861787998381998,0.7892044316250544,False,False
BG_0709,0.4249562467609006,0.3905865052549975,0.12167220484311196,0.16659560325138378,0.8448072898605674,False,False
BG_0650,0.41510747936849396,0.38168890144285256,0.12108768931721356,0.11201714317636073,0.8177191859000699,False,False
BG_0344,0.42687095018638965,0.39257709144439934,0.12082399849702115,0.07001993642006389,0.7892044316250544,False,False
BG_0160,0.44556321424165485,0.4100381971519987,0.1198718180983568,0.0423717590136259,0.7120117151897529,False,False
BG_0642,0.43254090252751815,0.398106833248244,0.11968093073613834,0.06715331407072149,0.7892044316250544,False,False
BG_0623,0.4317512397162553,0.3975700936322455,0.11899108296239073,0.03222922031744282,0.6004443872184455,False,False
CCL5,0.444081664248179,0.4089540875579313,0.11888612106545422,0.09755899388743966,0.7892044316250544,False,True
BG_0148,0.43522558687736,0.4009137771978818,0.11847137918602173,0.06800601083213059,0.7892044316250544,False,False
BG_0692,0.4259765683427986,0.3925314267100268,0.11796591126893276,0.02892713252194568,0.5781388121606332,False,False
BG_0707,0.42519236942525346,0.39186865454166125,0.11774552944657012,0.07143666152933509,0.7892044316250544,False,False
BG_0050,0.4452391086190327,0.41072762955376835,0.11639832039367798,0.053288966945508234,0.7892044316250544,False,False
BG_0171,0.42963774917043274,0.3966944234625074,0.1150926411810439,0.12721258405939026,0.8177191859000699,False,False
BG_0351,0.4237832396723803,0.391562066059937,0.11408552566882618,0.17708041723027412,0.8622608952633235,False,False
BG_0322,0.43233494486466234,0.3999547483987669,0.11231267130537695,0.049714166757537,0.7626987391417676,False,False
BG_0528,0.4127563645083683,0.38206598974237416,0.11146862154265705,0.1524506074496213,0.8408540253575056,False,False
BG_0617,0.4249078550096367,0.39396790889391864,0.10907189601683993,0.04731190335693069,0.7613953276929796,False,False
BG_0667,0.43633499527568603,0.4048937697358727,0.10789274264133075,0.08854956346788494,0.7892044316250544,False,False
BG_0446,0.42254307467059204,0.39224573029169224,0.10734067624786456,0.08635420694671425,0.7892044316250544,False,False
BG_0439,0.4259572849245596,0.3955347095576831,0.10690446217680327,0.1557123488054368,0.8408540253575056,False,False
BG_0629,0.41552734406084807,0.3860784696900907,0.10604931542518121,0.07599658269425018,0.7892044316250544,False,False
BG_0738,0.4254683256524975,0.3954057974618182,0.10571770916543012,0.13598055257650513,0.8323952397004635,False,False
BG_0165,0.4253312899670932,0.395806110409018,0.10379310760844668,0.3582404674156603,0.9517936839646107,False,False
BG_0422,0.41558012824792756,0.3868216577767177,0.1034580984923189,0.11700361166850858,0.8177191859000699,False,False
BG_0164,0.4272325777320103,0.39768789431452106,0.10338501399585327,0.12208673456908753,0.8177191859000699,False,False
BG_0507,0.4316010288722668,0.4022394904105359,0.10164357684946522,0.13415495487590853,0.8323952397004635,False,False
BG_0608,0.4217280892919185,0.3932352843914567,0.10092033756464316,0.1147996195601537,0.8177191859000699,False,False
BG_0191,0.41673007223058994,0.38866415939234894,0.10058913619139233,0.07706965919231652,0.7892044316250544,False,False
BG_0399,0.4119808955667071,0.384547859408649,0.09941427624543334,0.13771052208452955,0.8370065065705095,False,False
BG_0323,0.42185839109716056,0.3939555799090591,0.09872582898016599,0.09375916120089696,0.7892044316250544,False,False
BG_0378,0.4248594451407184,0.3969117323518527,0.09816743037594566,0.1584826754455665,0.8428496869402912,False,False
BG_0597,0.4340279804801664,0.40553353343990406,0.09796683651076375,0.1158231595191333,0.8177191859000699,False,False
BG_0662,0.43915295217801537,0.41046629619323405,0.09745973651064263,0.07480088920619032,0.7892044316250544,False,False
BG_0106,0.4389084844111965,0.41028190923033553,0.0973046166378836,0.1003772264260571,0.7892044316250544,False,False
BG_0382,0.44090478797568206,0.4122390211435427,0.09698607194169424,0.12554389599013793,0.8177191859000699,False,False
BG_0475,0.40931389846923294,0.3827149354913155,0.09693745165010044,0.3146827920445383,0.9397067519089417,False,False
BG_0061,0.43451498996243915,0.4062798289992244,0.09693220885202813,0.30085453601058987,0.9308026619533413,False,False
BG_0795,0.433307357522414,0.4051855801960293,0.09680790144846702,0.0998644551025738,0.7892044316250544,False,False
BG_0796,0.42567588717910715,0.3982497301515332,0.09608198538225353,0.2403276360763169,0.9105822237541239,False,False
BG_0034,0.42589201934474935,0.3984860325678224,0.09595853909511261,0.12815623876320587,0.8177191859000699,False,False
BG_0229,0.43350794261341075,0.4061627263382119,0.09400057715157964,0.10531846255355048,0.8131858252598634,False,False
BG_0082,0.4343604931988589,0.4070730820608497,0.09360506469995304,0.058248104018974525,0.7892044316250544,False,False
BG_0769,0.42813121578068414,0.4012443256531523,0.09357203877057252,0.08789060354265996,0.7892044316250544,False,False
BG_0187,0.4300613490432648,0.4032281740110575,0.09294603249639087,0.08553659071861014,0.7892044316250544,False,False
BG_0502,0.4178389503700144,0.39186270649185956,0.09259870628562075,0.10614857195807846,0.8131858252598634,False,False
BG_0295,0.4313719907522724,0.4046638845622683,0.09220840734405926,0.024794126437471257,0.559172798866128,False,False
MMP2,0.4208555882961224,0.39495537296315186,0.09163562554410325,0.2204843900114939,0.9027139114690051,False,True
BG_0745,0.4246843482265668,0.39856209004655035,0.09158644687462428,0.24226665197046948,0.9105822237541239,False,False
BG_0389,0.42855340430327066,0.40237844804162637,0.09092196296227067,0.26862370048760675,0.9208420452715159,False,False
BG_0015,0.4233266611675784,0.39751767595683873,0.09075234016874624,0.32127663746711776,0.9397067519089417,False,False
BG_0152,0.41887879358279767,0.39337610845982207,0.09062350850820156,0.1477021430704538,0.8408540253575056,False,False
BG_0331,0.42452026606114246,0.3988010086153406,0.09016436937214801,0.2040945124592718,0.8878629298355124,False,False
BG_0258,0.43142862764159146,0.40550542865056116,0.08940068189433482,0.5768213312882137,0.9778158645574754,False,False
BG_0041,0.4167695504577437,0.3917588591145213,0.08928397719533605,0.20301837864290895,0.8878629298355124,False,False
BG_0263,0.4372982343264422,0.41110603123690265,0.08910698579309453,0.12881224048600867,0.8177191859000699,False,False
BG_0557,0.4417117354572669,0.41558988735816965,0.08794461335706391,0.18843573500857969,0.8692355777309415,False,False
BG_0230,0.4366864254060434,0.4112377629849242,0.08662493512450722,0.24839585381417773,0.9105822237541239,False,False
BG_0686,0.4234832451828554,0.3988547160294204,0.08644155513085074,0.128276588446837,0.8177191859000699,False,False
BG_0385,0.4301447969805553,0.4052927206204315,0.08585812340759573,0.1237757301035924,0.8177191859000699,False,False
BG_0396,0.40957840018903946,0.38626168986474424,0.08456103882297941,0.09205276806840583,0.7892044316250544,False,False
BG_0212,0.41397182651118025,0.3907087472078727,0.08343903122225577,0.19986130509798394,0.8848188142589338,False,False
BG_0564,0.42124016642512296,0.39799219942791175,0.08190285342472729,0.08877750006349555,0.7892044316250544,False,False
BG_0176,0.4167481942375768,0.39375081434111586,0.08189304082117166,0.1727531714132955,0.8544246232891409,False,False
BG_0721,0.42535185449055524,0.4018844628913726,0.08187594114714718,0.17013719910074243,0.8544246232891409,False,False
BG_0555,0.4164884673514402,0.3937791693576621,0.08088975193059524,0.3471675525800243,0.9517936839646107,False,False
BG_0783,0.42949213686278603,0.4066211079107544,0.07894661059314012,0.18116401139679794,0.8647670721028273,False,False
BG_0334,0.431710518604242,0.408803168942412,0.07865786467813707,0.29985506806557694,0.9308026619533413,False,False
BG_0163,0.43412914431617605,0.41124545129151857,0.0781245564786322,0.12769913270778088,0.8177191859000699,False,False
BG_0559,0.42097630128486435,0.3988903818887279,0.07774668221820781,0.12152563940818784,0.8177191859000699,False,False
BG_0010,0.4234931817438817,0.4012870048004451,0.07770430537865271,0.16411382068338298,0.8448072898605674,False,False
BG_0785,0.4372560639873703,0.4143500021766586,0.07762846222390565,0.23238443767489902,0.9105822237541239,False,False
BG_0056,0.4301049667328878,0.40761316090269606,0.07748815762082498,0.5856889176460534,0.9778158645574754,False,False
BG_0194,0.4316188089236547,0.4092690569748963,0.07670814031637764,0.27610179918069755,0.9308026619533413,False,False
BG_0675,0.4249905773817113,0.40305899555545044,0.07643983429356305,0.3241321488123914,0.9416313611261675,False,False
BG_0702,0.43620887683956905,0.4138839916354812,0.07579268055225757,0.12801284472489674,0.8177191859000699,False,False
BG_0110,0.417237382258948,0.39594973054204297,0.07555114294677172,0.42730336267824875,0.9517936839646107,False,False
BG_0360,0.4211953854249838,0.3998131594050199,0.0751636728608334,0.3424771928645849,0.9517936839646107,False,False
BG_0749,0.42918016082006244,0.40763801393368376,0.0742947928912982,0.3990938979092852,0.9517936839646107,False,False
BG_0591,0.422787759350678,0.4016193229600828,0.0741049252788634,0.4034623405329206,0.9517936839646107,False,False
BG_0612,0.4337713140767449,0.4121188443111451,0.07387421568183968,0.28039572977329497,0.9308026619533413,False,False
BG_0294,0.41847638925562475,0.397593467817587,0.07385217253587652,0.37221695894799967,0.9517936839646107,False,False
BG_0398,0.4228124709851303,0.4017253652763892,0.07380837285255154,0.23676992769766803,0.9105822237541239,False,False
BG_0747,0.42126739259564405,0.40030611621254214,0.07363259254698748,0.2087460303278189,0.8955818056757281,False,False
BG_0300,0.4224128309187947,0.40183109432012526,0.072064451269465,0.47589159680497617,0.9517936839646107,False,False
BG_0465,0.4198266242895064,0.3996195324775438,0.07116656097199368,0.22628275106519669,0.9061884002938017,False,False
BG_0373,0.4039873390262144,0.3845676393539815,0.07107271188338123,0.18514511521349963,0.8692355777309415,False,False
BG_0012,0.4195834533651513,0.39947364891266046,0.0708574455088876,0.31904604160381667,0.9397067519089417,False,False
BG_0518,0.413089630519651,0.3933707125110297,0.07056529659596948,0.12317797222840055,0.8177191859000699,False,False
BG_0409,0.4316962553583022,0.4111253309602242,0.07043831410880727,0.14493332353305294,0.8408540253575056,False,False
BG_0726,0.40435015481522507,0.38535931319308936,0.06940090603031958,0.4558906605148847,0.9517936839646107,False,False
BG_0307,0.4247300334512907,0.40478227437134934,0.0694000129032685,0.22931740194253125,0.9098380252997652,False,False
BG_0129,0.4261714909599564,0.40622926523885944,0.06913990941180943,0.3337977851104359,0.9503810692346961,False,False
BG_0549,0.41992890353419043,0.40031362391257175,0.06901437575651781,0.29909929515471256,0.9308026619533413,False,False
BG_0647,0.4363123300059294,0.41609175502197776,0.06845954300750486,0.21888614494688752,0.9018530106705894,False,False
BG_0053,0.4274887047104973,0.4079322446410333,0.06755675281386204,0.2673523232871168,0.9208420452715159,False,False
BG_0544,0.43551147514358035,0.4156770786109814,0.06724753576854865,0.15296989400131186,0.8408540253575056,False,False
BG_0426,0.40558394949169024,0.38720301662995776,0.06691036807237655,0.24150467377241402,0.9105822237541239,False,False
BG_0438,0.41707811116295085,0.39827651979016787,0.06654717079587784,0.6121134542746203,0.9808471994306741,False,False
BG_0302,0.4239033367829494,0.40487262358544734,0.06626722761201685,0.2565130344243761,0.9105822237541239,False,False
BG_0580,0.4176440252743866,0.39904805031884294,0.06571132407852147,0.27643124960438026,0.9308026619533413,False,False
BG_0162,0.43960117316982855,0.4200867620939066,0.06550791255169139,0.38017880345632127,0.9517936839646107,False,False
TIMP1,0.41316317351612647,0.39483027304102963,0.06547905756483519,0.15067249648202619,0.8408540253575056,False,True
BG_0458,0.4178543659576909,0.39936783761052397,0.06528205741996096,0.30392810069452036,0.9335712627068242,False,False
BG_0781,0.40833623354621984,0.3903614776589618,0.06494690084472744,0.817288270734488,0.9883541798108729,False,False
BG_0752,0.4311211024688255,0.41219063024658303,0.06478147064444967,0.29875616330265664,0.9308026619533413,False,False
BG_0424,0.4196911767772383,0.40128221955905446,0.06471090051304029,0.6064351524995242,0.9785723665732299,False,False
BG_0278,0.4407800511659325,0.4215278920248883,0.06443083603153875,0.22452123944095437,0.9061884002938017,False,False
BG_0742,0.43149835639505074,0.4127038251711352,0.06424825398078626,0.5389936304851454,0.9517936839646107,False,False
BG_0539,0.42035256336704413,0.4021565656133772,0.06384259718624886,0.20900392197799955,0.8955818056757281,False,False
BG_0179,0.42033897375146534,0.4022111989629759,0.06359997724194179,0.4357492056550778,0.9517936839646107,False,False
BG_0504,0.42354277944343777,0.405379552684919,0.06323437343618488,0.21443676531082068,0.9018530106705894,False,False
BG_0014,0.4104586388300826,0.3929621412990161,0.06284652430925743,0.35358359203596323,0.9517936839646107,False,False
BG_0517,0.4336902735228487,0.4152128116704004,0.0628141281837615,0.2661145967351093,0.9208420452715159,False,False
BG_0055,0.4216251846278394,0.4037889759123017,0.06235952167858221,0.34556366623188395,0.9517936839646107,False,False
BG_0753,0.41404074250095163,0.39657721748063046,0.06217093883013509,0.33522404181187604,0.9512814696449595,False,False
BG_0735,0.43307279754837363,0.4148347617081327,0.06207276371146019,0.32096331476326745,0.9397067519089417,False,False
BG_0787,0.42000810965353,0.40251892692402763,0.06136056210852759,0.12251953336313666,0.8177191859000699,False,False
BG_0516,0.42388540260970403,0.4062507924256034,0.06130365786701422,0.5204217797001343,0.9517936839646107,False,False
BG_0652,0.4353338130807185,0.41723122930703255,0.06127493486764644,0.41181685521892597,0.9517936839646107,False,False
BG_0706,0.41733448183638455,0.3999870814064337,0.06125072146357585,0.4073519251098583,0.9517936839646107,False,False
BG_0353,0.4076521617410988,0.39077471725300944,0.061001536164384675,0.29726375737213884,0.9308026619533413,False,False
BG_0311,0.4253506794414041,0.4077676179473565,0.06090554746273892,0.3461063199117862,0.9517936839646107,False,False
BG_0020,0.4295723547189696,0.4119349482836264,0.06048462248610878,0.3131184282714725,0.9397067519089417,False,False
BG_0384,0.4136529675507415,0.39674935074804685,0.06019306990386282,0.5234047663226497,0.9517936839646107,False,False
BG_0155,0.4291861999143904,0.41165062017752957,0.06018328871445161,0.29772066412055675,0.9308026619533413,False,False
BG_0434,0.4302747571346648,0.4128822243568299,0.059527896279154835,0.537475878226344,0.9517936839646107,False,False
BG_0318,0.423431870009052,0.4063761596786377,0.0593140913181429,0.5152258733293883,0.9517936839646107,False,False
BG_0221,0.40914236400427756,0.3926753536646576,0.059265876708791076,0.37888528685509715,0.9517936839646107,False,False
BG_0636,0.4143490955659701,0.39773821469532683,0.05902759011847717,0.1976855092050891,0.882377507233132,False,False
BG_0364,0.423950397193943,0.4070504505376354,0.05868786157347474,0.18948294999782478,0.8692355777309415,False,False
BG_0506,0.42324909912099345,0.40643533777635105,0.058481153778470345,0.4470767260859644,0.9517936839646107,False,False
TGFBR1,0.4071053358569328,0.39098568360985814,0.05828634818527624,0.7612070988200121,0.9834760650125182,False,False
BG_0418,0.41614653363109627,0.39971470663834713,0.05812096541874138,0.7645857709179464,0.9834760650125182,False,False
BG_0101,0.4173208890378681,0.4010118518182466,0.05751226080080842,0.38146187282583677,0.9517936839646107,False,False
BG_0768,0.43311218120748013,0.4162374396555704,0.057334010330359314,0.5860343466513294,0.9778158645574754,False,False
BG_0343,0.41483587082745366,0.3987375143469351,0.057101304751595555,0.32040661694677375,0.9397067519089417,False,False
BG_0293,0.4181860842630109,0.40207138861939706,0.05669337731459045,0.5222329831059256,0.9517936839646107,False,False
BG_0732,0.4253003899376416,0.4089206760801628,0.05666116662555496,0.8448365669999658,0.9883541798108729,False,False
BG_0127,0.4158283741268443,0.39982575504247836,0.0566167968825063,0.37221570116834424,0.9517936839646107,False,False
BG_0004,0.4094881798662119,0.3937406197646333,0.05657625414154745,0.1869413643605603,0.8692355777309415,False,False
BG_0222,0.41538944773815023,0.39957730244081074,0.05598993271962655,0.3656646061918548,0.9517936839646107,False,False
BG_0375,0.43083728154040607,0.4145836009014022,0.05548004474838039,0.33170887921411674,0.9492185807207606,False,False
BG_0550,0.41793048894892476,0.4022620551394527,0.05512735345757165,0.4409245588217303,0.9517936839646107,False,False
BG_0618,0.42426037465066596,0.4083922966172247,0.05499428579742819,0.41322024561943516,0.9517936839646107,False,False
BG_0354,0.43434130643442276,0.41821617601495276,0.054580297101652894,0.4604132440052485,0.9517936839646107,False,False
BG_0515,0.43308558483247167,0.4170394871738288,0.054468162396450456,0.45648382741081106,0.9517936839646107,False,False
BG_0579,0.42886989271603654,0.41299405555550933,0.05441902394693028,0.14654418451514248,0.8408540253575056,False,False
IL10,0.4344970626707521,0.41843839375092834,0.054331192104079135,0.40480515542958595,0.9517936839646107,False,True
BG_0377,0.43120553518485377,0.4153066907777642,0.054198582997803633,0.6023171426236795,0.9782709582948552,False,False
BG_0381,0.42218251418413033,0.40663932930919977,0.05411707046485832,0.5261836603022136,0.9517936839646107,False,False
BG_0668,0.4071231528989987,0.3921934154504445,0.05389995491422898,0.9226989689642162,0.9924713502209086,False,False
BG_0098,0.42601522970754696,0.4104264623807421,0.05378125440016311,0.5831654596846347,0.9778158645574754,False,False
BG_0773,0.4327757093312114,0.41697180659600636,0.05366968676088091,0.39402862177862363,0.9517936839646107,False,False
KITLG,0.436625080176958,0.4207016621051635,0.05359748463321647,0.5401898478224081,0.9517936839646107,False,True
BG_0099,0.43083324628987135,0.4154478204421064,0.05246229496418445,0.28043039782169454,0.9308026619533413,False,False
BG_0774,0.42916760883284066,0.4138663300400787,0.05237631030374098,0.4119581194562216,0.9517936839646107,False,False
BG_0625,0.41762515064522765,0.4027512420208681,0.05231955998641863,0.774608330032704,0.9834760650125182,False,False
BG_0589,0.4280383636976132,0.41288241924711827,0.05200911742324214,0.4955290161366003,0.9517936839646107,False,False
BG_0733,0.4310804874988432,0.41582625250594585,0.05197641835030089,0.24984142956513744,0.9105822237541239,False,False
BG_0530,0.4398765632702738,0.42431560436749555,0.05196100089257852,0.5230890844406265,0.9517936839646107,False,False
BG_0573,0.42231458238806324,0.4073961920532945,0.05188556835476595,0.22919341658327652,0.9098380252997652,False,False
BG_0136,0.4246308107174768,0.409647651753452,0.0518255105093268,0.5419782004372579,0.9517936839646107,False,False
BG_0336,0.4182305786639871,0.4035657560216001,0.05149478564544696,0.5066939350282252,0.9517936839646107,False,False
BG_0445,0.4167903891030928,0.4021793664798251,0.05148294333323889,0.566064304370027,0.9751109464158175,False,False
BG_0427,0.42118297516107617,0.40644235116008426,0.0513963833802278,0.5417064086978759,0.9517936839646107,False,False
BG_0157,0.41665335133921255,0.4022182067584209,0.05086919644795428,0.5804626811379487,0.9778158645574754,False,False
BG_0069,0.42209433750505465,0.40762571007598747,0.05032042620929844,0.4389384398748235,0.9517936839646107,False,False
BG_0033,0.419505651317184,0.4051345060728606,0.05028927855395634,0.5329992929022338,0.9517936839646107,False,False
BG_0510,0.4144383986847416,0.40034355023671436,0.04991911453230248,0.4094841110663565,0.9517936839646107,False,False
BG_0798,0.41749320111050287,0.4036427602349621,0.048673687793844664,0.42065234548589014,0.9517936839646107,False,False
BG_0134,0.411016975014762,0.3974122603782468,0.048561597312091614,0.2875775467571954,0.9308026619533413,False,False
BG_0335,0.4132944949170747,0.39962081331989585,0.048538422641320425,0.6134385146378157,0.9808471994306741,False,False
BG_0338,0.41659840573610024,0.402866045753116,0.048357100618935736,0.4481994997988221,0.9517936839646107,False,False
BG_0025,0.42594576799880446,0.4121379744407608,0.04754235639497198,0.6027153628701092,0.9782709582948552,False,False
BG_0632,0.41294097230579313,0.39957986750294944,0.04745167489511602,0.3877860693188163,0.9517936839646107,False,False
BG_0691,0.41191350541328076,0.3986217398576722,0.047321035249896094,0.4024495544687846,0.9517936839646107,False,False
BG_0361,0.4395487317077051,0.42542537568804073,0.04711703290383378,0.4058702312801121,0.9517936839646107,False,False
BG_0673,0.4412108338433137,0.4271832867214953,0.046613012861038104,0.939636871149228,0.9924713502209086,False,False
BG_0727,0.42579754634207617,0.412300368305859,0.04647188630664241,0.41919037698595896,0.9517936839646107,False,False
BG_0181,0.4252179284665195,0.41174265628509027,0.04645950779488286,0.47786488819763606,0.9517936839646107,False,False
BG_0535,0.420417885965613,0.40714764098441897,0.04627200425236986,0.5173472236035214,0.9517936839646107,False,False
BG_0666,0.41309210276019676,0.40005587895930483,0.04626195323685225,0.4646496564262992,0.9517936839646107,False,False
BG_0595,0.4236677498629385,0.4105343018298967,0.04543054292365829,0.5257033932682749,0.9517936839646107,False,False
BG_0469,0.4147006828012253,0.40185119346488674,0.04540905603817485,0.29567933230346555,0.9308026619533413,False,False
BG_0259,0.43492791510109685,0.4214624588117048,0.04537217786093781,0.6776456908073537,0.9819946848923619,False,False
BG_0402,0.43035989510635947,0.417054412769887,0.045308017296896236,0.08488627222667382,0.7892044316250544,False,False
BG_0601,0.404517013197449,0.39201886281232273,0.04527730655615359,0.6383480680260967,0.9808471994306741,False,False
BG_0044,0.4321297590230614,0.4187930229097883,0.045227179727392805,0.5448544892211185,0.9548881334611422,False,False
BG_0430,0.4116148466707774,0.3989410053155986,0.04511960115982736,0.3786601129689,0.9517936839646107,False,False
BG_0224,0.43666483458143796,0.4232324810980878,0.04507600117797974,0.8586527680444584,0.991555113930027,False,False
BG_0045,0.41155424334410734,0.3989792988370304,0.044768698403993674,0.5079988152923918,0.9517936839646107,False,False
CD44,0.42491085944104295,0.4119684437586781,0.04462638196310366,0.44854843490143625,0.9517936839646107,False,False
CCR2,0.41526486838669274,0.40263755155136305,0.044550094300203395,0.630111833927798,0.9808471994306741,False,False
BG_0279,0.4203654103419771,0.4076272890433008,0.044393324905310665,0.2180910608409512,0.9018530106705894,False,False
BG_0303,0.3909596309863388,0.37917268011958744,0.04416462804324334,0.2513617104656529,0.9105822237541239,False,False
BG_0123,0.42987275726316715,0.4170777093346021,0.04359347429382532,0.5353197865619859,0.9517936839646107,False,False
BG_0585,0.41267421974839097,0.4004952909951336,0.04321803468391045,0.3950272082467525,0.9517936839646107,False,False
BG_0217,0.4195342753302922,0.4071633830929359,0.04318085834514369,0.7942595964733882,0.9834760650125182,False,False
BG_0553,0.4239772946663814,0.4116176785123027,0.04268206026799303,0.43189528121118814,0.9517936839646107,False,False
BG_0600,0.39706657230923614,0.38556017344590066,0.042424874716360084,0.7267462266658513,0.9834760650125182,False,False
BG_0083,0.4351500409821523,0.42269945540242465,0.041880678498876084,0.3795521865609419,0.9517936839646107,False,False
BG_0039,0.4436293933525045,0.4309594479617898,0.04180283439240511,0.6372353797528324,0.9808471994306741,False,False
BG_0594,0.4263189662342169,0.4143078328086674,0.041230144038823184,0.6826932212410705,0.9819946848923619,False,False
BG_0627,0.4126491752459574,0.4011062388783859,0.04093135062669373,0.8691565204178058,0.991555113930027,False,False
BG_0182,0.42399363182879346,0.41224039166954074,0.0405567280883383,0.42084294329493244,0.9517936839646107,False,False
BG_0400,0.41242237555559214,0.40108354204332325,0.040219838580504146,0.5105738134477118,0.9517936839646107,False,False
BG_0484,0.42972038720901606,0.4180070888114749,0.03987081587543405,0.7824035896637493,0.9834760650125182,False,False
BG_0016,0.4318484507900552,0.4201298715851636,0.03968974782326934,0.4716896671903953,0.9517936839646107,False,False
BG_0143,0.4212175602168614,0.409820040710025,0.03957504674087311,0.28631804768175984,0.9308026619533413,False,False
BG_0320,0.411105362444697,0.40002593023011307,0.03941466998603844,0.2259677664865909,0.9061884002938017,False,False
BG_0451,0.4274335265140811,0.4159911793257705,0.03914713501043821,0.7473252553024454,0.9834760650125182,False,False
BG_0319,0.42283684801032523,0.4115577971323499,0.0390060556952679,0.6851001482639315,0.9819946848923619,False,False
BG_0699,0.4382423906858543,0.426574380218553,0.038931720372095496,0.4928394930122586,0.9517936839646107,False,False
BG_0376,0.4103443914054868,0.3994390032373468,0.03886002297572134,0.44404487360225553,0.9517936839646107,False,False
BG_0121,0.4198892127124621,0.40896786059753637,0.03802125357436937,0.6478020106646736,0.9808471994306741,False,False
BG_0144,0.4274435506751834,0.41651781273388416,0.03735571148415669,0.6564256533059661,0.9808471994306741,False,False
BG_0487,0.4209100228494544,0.41017652432932233,0.037266939739334926,0.4693699164220966,0.9517936839646107,False,False
FLT3LG,0.42637107067884905,0.4155383941631646,0.037127771735400314,0.590214073742459,0.9778158645574754,False,True
BG_0286,0.42453883842309126,0.41376497951448926,0.037085000342499154,0.7899664982879416,0.9834760650125182,False,False
CSF2,0.4134542284863002,0.40296875757601147,0.03705963443573417,0.8447058412018175,0.9883541798108729,False,True
BG_0628,0.4044401290634939,0.3941938026760458,0.03702105517069981,0.3915802461350454,0.9517936839646107,False,False
BG_0492,0.4213099568818508,0.4106376641380648,0.03701605264203634,0.9611732490559197,0.9924713502209086,False,False
BG_0088,0.41026303762456695,0.39991754630471826,0.03684660093379949,0.8915906900451579,0.991795783636621,False,False
BG_0133,0.43252269236817226,0.42171280671654654,0.03651499141631662,0.7707218076701167,0.9834760650125182,False,False
BG_0641,0.4163525511694603,0.4060029088270181,0.036315600290927966,0.3688845238421661,0.9517936839646107,False,False
BG_0109,0.4195610417563599,0.40922028381083225,0.03600306613744357,0.7733553324042428,0.9834760650125182,False,False
BG_0523,0.4392346850275038,0.4284471950992544,0.03587457685709739,0.6432136349578297,0.9808471994306741,False,False
BG_0776,0.425824924598561,0.4154890718352055,0.03544986498352096,0.7548503972222048,0.9834760650125182,False,False
BG_0390,0.41244897471953434,0.40249555931009495,0.03524278411750379,0.7840369130991302,0.9834760650125182,False,False
BG_0292,0.42307555781304945,0.4129136788718992,0.035075127373154345,0.5867637656813586,0.9778158645574754,False,False
BG_0003,0.4194864020156545,0.4095490384089704,0.03458783830361773,0.6823334408695487,0.9819946848923619,False,False
BG_0035,0.4204029558455869,0.4105320326854872,0.034278016977045855,0.44672944658684866,0.9517936839646107,False,False
BG_0660,0.4135949850827545,0.4039768036985368,0.03394623683678818,0.4419509734067085,0.9517936839646107,False,False
BG_0622,0.4333377794970403,0.42326130206757573,0.033943427970096675,0.3284568580195887,0.9445890178617031,False,False
THBS1,0.42975647457959304,0.41977451803312504,0.033904783053395025,0.7771825900979192,0.9834760650125182,False,True
BG_0701,0.42658726190866947,0.4168069774652899,0.03346145784917205,0.4939782440474634,0.9517936839646107,False,False
BG_0190,0.40880413236690394,0.3997561982566468,0.0322893767289436,0.7920488665598644,0.9834760650125182,False,False
BG_0257,0.425047054166992,0.4156547293418018,0.032236934685963066,0.5029695453668204,0.9517936839646107,False,False
BG_0649,0.41288231267293923,0.4038685753171781,0.03184472121898519,0.649682689426827,0.9808471994306741,False,False
BG_0525,0.4038237858101525,0.3950340044117788,0.031749044611890716,0.7421741679258544,0.9834760650125182,False,False
BG_0355,0.408967041276743,0.40016243738923396,0.031398830700439896,0.6389869188838972,0.9808471994306741,False,False
BG_0268,0.40357308550625637,0.394889783837066,0.03137991915879486,0.8413730919048796,0.9883541798108729,False,False
BG_0696,0.41775220606988406,0.4088473875032471,0.03108502520376913,0.9458983803688246,0.9924713502209086,False,False
BG_0095,0.42041881114352364,0.4115291467970406,0.03083260842973086,0.6292984455405115,0.9808471994306741,False,False
BG_0771,0.38964784261367336,0.3814124446742496,0.030818912028750103,0.37458722751371054,0.9517936839646107,False,False
BG_0419,0.42452355404173014,0.4155649561008197,0.03077060242577267,0.7311187020901907,0.9834760650125182,False,False
BG_0656,0.42865425963653814,0.41963356282035585,0.030684408770485543,0.8641923639640643,0.991555113930027,False,False
BG_0443,0.42798012844132344,0.41897951617804735,0.03066409977673016,0.6090706251587954,0.979312431071459,False,False
BG_0326,0.4133682571005579,0.4047633748787175,0.030348853944955505,0.4698752806280114,0.9517936839646107,False,False
BG_0497,0.41650769188132547,0.4078623413157351,0.03026083231746933,0.8144257942199576,0.9883541798108729,False,False
IL1B,0.41735245186966646,0.4087652943215869,0.02999353514381136,0.6988810697701195,0.9819946848923619,False,True
BG_0205,0.4080135032652672,0.3996622064651624,0.02983574655046645,0.44844814770740593,0.9517936839646107,False,False
FN1,0.42494971548242433,0.4163810207852556,0.029387826377871174,0.7462105911121635,0.9834760650125182,False,True
BG_0173,0.4270104039682546,0.41847270277550624,0.02913770307972816,0.8941832187389249,0.991795783636621,False,False
BG_0057,0.3997621921801839,0.39177189542849433,0.029128127941203747,0.5978715834044019,0.9778158645574754,False,False
BG_0561,0.410493148190968,0.4022903921077739,0.029120858717243025,0.4562834212695892,0.9517936839646107,False,False
BG_0234,0.4176348258552643,0.4092895379749736,0.029120230893957814,0.4838904594626914,0.9517936839646107,False,False
BG_0698,0.4312879594107366,0.4226859479085368,0.029065288715271604,0.9479198379356122,0.9924713502209086,False,False
BG_0357,0.4150128644871834,0.4067564983528535,0.028990662912910133,0.6350720810394688,0.9808471994306741,False,False
BG_0280,0.42078427138343566,0.4125419275095567,0.02854002776289327,0.4418483564998179,0.9517936839646107,False,False
TGFB2,0.40956629805022104,0.40175195015217613,0.02779197835632602,0.5408893817864857,0.9517936839646107,False,True
BG_0532,0.40767170366541877,0.3999330356826225,0.02764936633969824,0.8365067700050185,0.9883541798108729,False,False
BG_0092,0.4119135078046706,0.4042014782990408,0.027266838875549437,0.5086876034749996,0.9517936839646107,False,False
BG_0679,0.4192981791823953,0.41161592668510055,0.026677759625763242,0.8407982835282133,0.9883541798108729,False,False
BG_0159,0.40544151307380794,0.398117298069565,0.02630025618831515,0.7038621031522783,0.9819946848923619,False,False
BG_0059,0.41769722014552674,0.4101687087197588,0.026240107586140964,0.5989516239040716,0.9778158645574754,False,False
BG_0498,0.4241448767599153,0.4166559754891051,0.025700465019960754,0.738713007141655,0.9834760650125182,False,False
BG_0403,0.42510049888851525,0.4179203513478403,0.024575937214167152,0.7321643018829567,0.9834760650125182,False,False
LGALS3,0.4187265102302714,0.4116659618930981,0.0245340941699272,0.4500714946705333,0.9517936839646107,False,True
BG_0325,0.411643104639642,0.40520021791657734,0.02275910994198282,0.6948836340212408,0.9819946848923619,False,False
BG_0712,0.413369711448374,0.4070013552457681,0.022399084614400818,0.9002135089977458,0.991795783636621,False,False
BG_0740,0.42142156170771,0.415008354622004,0.022123750463128568,0.8324133307608813,0.9883541798108729,False,False
BG_0105,0.4151555312936435,0.40884278763506743,0.02210572994169097,0.8686397518537323,0.991555113930027,False,False
CCL4,0.4107823978126879,0.40457196536893153,0.021978010470205176,0.9837842872130365,0.9958711862109967,False,True
BG_0363,0.4131065890869416,0.40693410328125135,0.021718880357865667,0.8143632922322631,0.9883541798108729,False,False
BG_0558,0.4234890382674377,0.4172331368897228,0.021470884780428415,0.8864755131454514,0.991795783636621,False,False
BG_0225,0.42324076726709275,0.41700133567911846,0.021426592261186258,0.5788394420032006,0.9778158645574754,False,False
BG_0097,0.41713112068799535,0.41100329961893356,0.021350974447210118,0.8196459881336322,0.9883541798108729,False,False
BG_0621,0.4137605824969548,0.4078441839788578,0.02077813248270525,0.684376046660496,0.9819946848923619,False,False
BG_0011,0.4253232815785946,0.4192951271120454,0.020593764325436616,0.7020393224648658,0.9819946848923619,False,False
BG_0425,0.4226646946685205,0.4166928958181483,0.020529104778871595,0.788705607937692,0.9834760650125182,False,False
BG_0206,0.4162614325815458,0.41048685809079594,0.020153861958570024,0.6699874828069294,0.9819946848923619,False,False
BG_0772,0.4172463091652939,0.4115038224445726,0.019993456147377436,0.7441631484222321,0.9834760650125182,False,False
BG_0180,0.4209636624922195,0.41517167980679387,0.019987669297718825,0.6416875689743504,0.9808471994306741,False,False
BG_0309,0.4127356533853716,0.4071531096650501,0.019646647131061307,0.9297962322803831,0.9924713502209086,False,False
PDGFRA,0.4318265520663487,0.42607407949385595,0.01934766738492369,0.4541610084961707,0.9517936839646107,False,False
BG_0548,0.41544460230442065,0.40999756636172174,0.019040766538338433,0.7776229948601154,0.9834760650125182,False,False
BG_0481,0.4128783396761492,0.4074891692250238,0.018955020144415587,0.4843997351246061,0.9517936839646107,False,False
BG_0479,0.43125405344112666,0.42567964958364235,0.01876989599647943,0.9598673709604361,0.9924713502209086,False,False
BG_0153,0.4084727037824306,0.40324831903104363,0.018571153975244347,0.6998541758651011,0.9819946848923619,False,False
BG_0236,0.4198813116320886,0.4145729898072772,0.0183554518589071,0.8085782493966784,0.9883541798108729,False,False
BG_0719,0.4176727153541195,0.4124445777511188,0.018172631712556578,0.9741096454681663,0.9925460013951009,False,False
BG_0317,0.40620684874393587,0.40119229847094406,0.01792065264735385,0.9093020574175237,0.991795783636621,False,False
BG_0734,0.42369928685517366,0.4185473600256699,0.01764982269366115,0.7236702530717932,0.9834760650125182,False,False
BG_0183,0.40110711442920033,0.3962416864041503,0.017606889227223355,0.48799371500423183,0.9517936839646107,False,False
BG_0166,0.426218291417831,0.4211404568231667,0.017291034042257906,0.7049587959522228,0.9819946848923619,False,False
BG_0246,0.4221830232584317,0.41716487052215623,0.01725089293925561,0.8676083743321428,0.991555113930027,False,False
BG_0460,0.4196301499360017,0.41464550155261154,0.017239896826631445,0.8358638659037433,0.9883541798108729,False,False
BG_0131,0.420240457011089,0.4153285450146756,0.01696202872832745,0.5333793988997356,0.9517936839646107,False,False
CCL3,0.40755360921099765,0.40279002730981,0.01696187849064809,0.9035226295259272,0.991795783636621,False,True
BG_0031,0.43045717581484927,0.4256797436335816,0.016101277964091814,0.833052072690074,0.9883541798108729,False,False
BG_0100,0.4164509141669178,0.41183671866066696,0.016073995491160707,0.8754816990161491,0.991795783636621,False,False
BG_0697,0.4174837112414455,0.41287656987992366,0.01600935967697774,0.7446575359274065,0.9834760650125182,False,False
BG_0459,0.4069778444532528,0.4025176616503298,0.01589817035203553,0.6252900608984489,0.9808471994306741,False,False
BG_0072,0.40881260749979215,0.4043854797661633,0.01570849323786417,0.8892578483536454,0.991795783636621,False,False
BG_0472,0.4128317533190421,0.40839732244359445,0.015580533620401953,0.7749211938046328,0.9834760650125182,False,False
BG_0024,0.40076194911084834,0.3964772515838843,0.015507444656218276,0.6239425250232096,0.9808471994306741,False,False
KIT,0.41390579807914873,0.40960411957364146,0.015072233037642472,0.875030285316691,0.991795783636621,False,False
CXCR1,0.4173975288558747,0.413093334892804,0.014954276212985828,0.506690593894896,0.9517936839646107,False,False
BG_0648,0.4220563681306185,0.41774004553610644,0.014830242032785589,0.9850916597595039,0.9958711862109967,False,False
BG_0665,0.4298934853675669,0.42558661328736247,0.01452647582941115,0.9369638165069378,0.9924713502209086,False,False
BG_0132,0.4313720118092044,0.4273005677229482,0.013681341066305003,0.7723497751117315,0.9834760650125182,False,False
BG_0096,0.425474003424429,0.42153144917704677,0.013430715286742617,0.9041727947019764,0.991795783636621,False,False
BG_0598,0.4031563856118302,0.39945495970004835,0.013306731075112462,0.8108670038936667,0.9883541798108729,False,False
BG_0013,0.42127343218752766,0.41743785017229923,0.013195515180495372,0.5127964449724645,0.9517936839646107,False,False
BG_0356,0.41049513827491474,0.4068054392683654,0.013026166305672944,0.6817293571020524,0.9819946848923619,False,False
BG_0391,0.41236855540126977,0.4087132520732816,0.012845304266734064,0.6413368702644602,0.9808471994306741,False,False
BG_0359,0.40569321012390175,0.40214596220944565,0.012669922533380687,0.7940725173774402,0.9834760650125182,False,False
BG_0509,0.4249948556816147,0.4213020743528998,0.012590359088297113,0.8140430203181583,0.9883541798108729,False,False
BG_0240,0.4210586550865689,0.4174623683994028,0.01237506666147591,0.9605855287692232,0.9924713502209086,False,False
BG_0184,0.4116818445722779,0.40817927809453336,0.012326882908431015,0.8381084140585107,0.9883541798108729,False,False
BG_0276,0.41582238460613496,0.4123653845149455,0.012044191041027868,0.6665787868685054,0.9819946848923619,False,False
BG_0444,0.4287511395789808,0.42519128903966097,0.012028465380982728,0.9920223859295114,0.9964259294436102,False,False
BG_0790,0.4167308143448972,0.413376345573873,0.011659944732819416,0.6325552410450067,0.9808471994306741,False,False
BG_0350,0.4159257100180512,0.412591362763721,0.011612246451787161,0.9285582824597889,0.9924713502209086,False,False
BG_0019,0.40582480565316403,0.40258728588562087,0.011555439936910675,0.9826728605125866,0.9958711862109967,False,False
BG_0077,0.40626014958513773,0.4032897213925181,0.010587219907121158,0.3200803568805962,0.9397067519089417,False,False
BG_0677,0.4073964795584861,0.4044601092820945,0.010436092696419543,0.9451797508315982,0.9924713502209086,False,False
TNF,0.42284579615877504,0.4198890363729149,0.010123516956711341,0.7451556401183541,0.9834760650125182,False,True
BG_0447,0.4154770892858831,0.4125735258632374,0.01011767552077426,0.9280373534134019,0.9924713502209086,False,False
BG_0416,0.4262743792327229,0.4233123470654791,0.010059776832367914,0.8869931181422407,0.991795783636621,False,False
BG_0073,0.41321604873059137,0.41037425006240497,0.009956079188381761,0.5051068070764946,0.9517936839646107,False,False
BG_0720,0.40832236778498715,0.4055330959939305,0.009888941010582115,0.9754169186904991,0.9925460013951009,False,False
BG_0645,0.4261673984029061,0.4233813966302592,0.009462353130189893,0.9626098324470195,0.9924713502209086,False,False
CSF1R,0.4330604802276303,0.4304131037596201,0.008846521631069464,0.7708475289559774,0.9834760650125182,False,False
BG_0604,0.41327263832539074,0.41084428748738505,0.008502142696492536,0.71386544771055,0.9819946848923619,False,False
BG_0529,0.4031286123343789,0.4007761004133624,0.008443704624282298,0.5705153789715908,0.9751109464158175,False,False
BG_0756,0.4202300658157376,0.4178891339459826,0.00805913904096408,0.8339482752691459,0.9883541798108729,False,False
BG_0346,0.4309189198287141,0.4285385666349642,0.007991395928258559,0.7946415598176003,0.9834760650125182,False,False
BG_0700,0.4224957303159217,0.4201679677142829,0.007970582123483345,0.7947664447853696,0.9834760650125182,False,False
BG_0023,0.41645498519667756,0.41416384873029727,0.007958932463687155,0.6825083051697055,0.9819946848923619,False,False
BG_0172,0.4148654882759679,0.41268447455199214,0.00760448337921271,0.9886876906218427,0.9958711862109967,False,False
BG_0324,0.4286713391216213,0.42643892809237727,0.00753281947745394,0.8107382396227697,0.9883541798108729,False,False
BG_0442,0.41090390586282627,0.4087760229339051,0.007490467772829323,0.5380744646037887,0.9517936839646107,False,False
BG_0161,0.41838035379050015,0.41623998576941856,0.0073995443259844695,0.842016655653948,0.9883541798108729,False,False
BG_0441,0.4261290651540271,0.42404516616750526,0.00707251912328601,0.7647118495834072,0.9834760650125182,False,False
BG_0314,0.4322610573517116,0.4301788365747933,0.006966318341455425,0.8581386388202442,0.991555113930027,False,False
BG_0022,0.4219610359487986,0.41992935149319127,0.006963155352478677,0.6824476290512352,0.9819946848923619,False,False
BG_0454,0.41862685825664137,0.41664547466205515,0.006844564425451846,0.6414516457476369,0.9808471994306741,False,False
BG_0703,0.42079970101842024,0.41889473682378364,0.006545921915681742,0.7082499431175875,0.9819946848923619,False,False
ANGPT1,0.4191909346563051,0.4172996571260479,0.006523782550734073,0.8616157252139734,0.991555113930027,False,True
BG_0200,0.41189545702531416,0.4101392199216356,0.006164504944015181,0.921849679793257,0.9924713502209086,False,False
BG_0489,0.41845942789699353,0.4167319822158298,0.005967927450557497,0.8957381941310469,0.991795783636621,False,False
BG_0223,0.4021860452005839,0.400558271842148,0.005850888560050534,0.5697337540066573,0.9751109464158175,False,False
FGF2,0.4179314956158741,0.4162669588281424,0.005757436119295398,0.740817287053769,0.9834760650125182,False,True
BG_0789,0.4220136076448707,0.4203489376050124,0.005702091934488625,0.7900924749455366,0.9834760650125182,False,False
BG_0342,0.412169374475178,0.41063853939273215,0.00536827780310011,0.9251073272753049,0.9924713502209086,False,False
BG_0659,0.4212311592401661,0.41968117051173903,0.005318422635164416,0.510578968389721,0.9517936839646107,False,False
BG_0670,0.43304493432725766,0.43156698462696674,0.004932230827103037,0.8792948304515559,0.991795783636621,False,False
BG_0140,0.4046797101506622,0.403332992646673,0.004809093859102561,0.44243821376902526,0.9517936839646107,False,False
BG_0501,0.4133963279873253,0.41204527142854264,0.004722718940521295,0.6374703123905933,0.9808471994306741,False,False
BG_0519,0.4205595344637888,0.419206054084029,0.004650490920930441,0.9423108709195929,0.9924713502209086,False,False
BG_0213,0.43099825007642906,0.4297314084108325,0.0042467864102569775,0.7258251054682059,0.9834760650125182,False,False
BG_0663,0.40331043122186494,0.40216560314969774,0.004101025540356773,0.7664593993105691,0.9834760650125182,False,False
BG_0609,0.4136913748600896,0.41252589014112795,0.004070213031818387,0.6460299829543112,0.9808471994306741,False,False
BG_0765,0.42837253300879796,0.4272314704946803,0.0038480563431004255,0.9616959621399943,0.9924713502209086,False,False
BG_0063,0.418175119455515,0.41708401342926094,0.003769211461630755,0.9690126946980782,0.9924713502209086,False,False
BG_0631,0.4196306931165899,0.41854172577274795,0.0037487481935767923,0.7792565857210495,0.9834760650125182,False,False
BG_0383,0.4260909199315937,0.4249944972451787,0.003717146165478072,0.8267899407934689,0.9883541798108729,False,False
BG_0254,0.40748037952190885,0.4064952427830632,0.003492125667457001,0.6987609955445158,0.9819946848923619,False,False
BG_0198,0.4277461899679225,0.4267264840963993,0.0034433524840036065,0.8223248182694383,0.9883541798108729,False,False
BG_0316,0.42533609580372855,0.42445135074841345,0.0030040871282128964,0.7458997889990584,0.9834760650125182,False,False
BG_0347,0.4238127745173969,0.423097196904615,0.0024379463079566457,0.9763317143244691,0.9925460013951009,False,False
BG_0693,0.4240348710726334,0.4233639342505155,0.0022845380998997027,0.8912029099606612,0.991795783636621,False,False
BG_0744,0.4238635112514648,0.42326634856628353,0.002033982812039608,0.6074684936020517,0.9785723665732299,False,False
BG_0415,0.4159158095554878,0.41534524494721053,0.0019804870098947013,0.671181861479858,0.9819946848923619,False,False
CXCR2,0.4204176542442845,0.4199837647765163,0.0014896934367169224,0.6592711960306152,0.9808471994306741,False,False
BG_0593,0.3995777494392591,0.39935606520440037,0.0008006239030566333,0.5890222418947686,0.9778158645574754,False,False
BG_0040,0.41098390636496523,0.41078682291800445,0.0006919967014912406,0.8678657796952464,0.991555113930027,False,False
BG_0271,0.4095278794336693,0.40945183928151874,0.0002679010193399566,0.9405493331600587,0.9924713502209086,False,False
BG_0008,0.42066136964539924,0.4206261773935772,0.00012069996136200382,0.9561445683486829,0.9924713502209086,False,False
BG_0788,0.40173254076731935,0.40170550046496456,9.710994034170002e-05,0.7847923866488251,0.9834760650125182,False,False
BG_0247,0.4079888443810101,0.4079650560670907,8.412064091709845e-05,0.9758090481033621,0.9925460013951009,False,False
BG_0218,0.4073515592354089,0.4074048975901837,-0.0001888932070143969,0.6807059122266104,0.9819946848923619,False,False
BG_0575,0.38904723168701005,0.38916311421613564,-0.0004296605723914744,0.8602589581228866,0.991555113930027,False,False
BG_0395,0.4230501343289941,0.42323695721111104,-0.000636966940952725,0.6551860054098129,0.9808471994306741,False,False
BG_0203,0.4205708239681544,0.42078200037294256,-0.0007242221087856105,0.8285775721931841,0.9883541798108729,False,False
BG_0228,0.4134005215730663,0.4136455436704127,-0.0008548306798071914,0.8088945716938568,0.9883541798108729,False,False
BG_0244,0.40186370600222154,0.40212245989585593,-0.0009286303368889414,0.7919876465023481,0.9834760650125182,False,False
BG_0780,0.3983148510175057,0.3985732417088536,-0.0009355867793394552,0.633900792017536,0.9808471994306741,False,False
BG_0374,0.4227535765633786,0.4230880914531102,-0.0011411189964468489,0.8974252143140113,0.991795783636621,False,False
BG_0657,0.41265893428737055,0.41298841308864737,-0.0011514297464225915,0.8021097214579032,0.9883541798108729,False,False
BG_0124,0.42356077885946225,0.4239154401266995,-0.0012075101810432565,0.7125216130686578,0.9819946848923619,False,False
BG_0651,0.44200141143566646,0.44257626565036884,-0.0018751082307811695,0.5051199840518854,0.9517936839646107,False,False
BG_0277,0.4072327755220263,0.4078744464488386,-0.002271445106297858,0.7746732663235152,0.9834760650125182,False,False
BG_0606,0.41063763097897665,0.411294994524316,-0.0023076716988800297,0.871479090853773,0.991555113930027,False,False
BG_0571,0.4214345757450198,0.42217568173012865,-0.0025347965960941985,0.9854838665096608,0.9958711862109967,False,False
BG_0626,0.4173151551753778,0.4181104917744651,-0.002746931502952233,0.7710991024501102,0.9834760650125182,False,False
CXCL2,0.4079158018915465,0.4086999854078326,-0.0027707963412938286,0.8593623851807572,0.991555113930027,False,True
BG_0074,0.41032027547477423,0.4111173240750387,-0.0027997219130361274,0.865221197801312,0.991555113930027,False,False
BG_0566,0.4018707882908927,0.402680752552669,-0.002904802885110621,0.9992807021846243,0.9994768715287881,False,False
BG_0333,0.4093410486989125,0.4102693652577783,-0.003268085045637856,0.9096283383178345,0.991795783636621,False,False
BG_0739,0.4169595733803802,0.4179364932141125,-0.003376223937548402,0.9370291296696114,0.9924713502209086,False,False
BG_0058,0.41558403656750564,0.4166662096481182,-0.0037518682001910185,0.7777506946135777,0.9834760650125182,False,False
BG_0681,0.41768564295900584,0.4187892563890096,-0.003806877044631741,0.8172276219882652,0.9883541798108729,False,False
BG_0748,0.4144142155103271,0.41555882238476105,-0.003979212897267914,0.527472713477039,0.9517936839646107,False,False
BG_0687,0.41152099442427736,0.4126652796080984,-0.004006025513423921,0.9090413118376284,0.991795783636621,False,False
BG_0715,0.41776774386211196,0.41893901806141653,-0.004039151252355897,0.64933695633634,0.9808471994306741,False,False
BG_0145,0.4095177341362765,0.41068079691142245,-0.00409156066269157,0.9794041596470905,0.9944897687411807,False,False
BG_0104,0.3978217290407559,0.39896541068037356,-0.004141595366492415,0.6602173354046897,0.9808471994306741,False,False
BG_0729,0.41190246294046295,0.4131454367901033,-0.004346980499215108,0.7852379075499185,0.9834760650125182,False,False
BG_0635,0.40702764283553555,0.4082628956023476,-0.0043716793475089945,0.7537289316780988,0.9834760650125182,False,False
BG_0637,0.4049540779262252,0.4061968678071242,-0.0044208003711904975,0.831645137977588,0.9883541798108729,False,False
BG_0266,0.4189531957500871,0.42026195163001423,-0.0044997689907658395,0.8406058217265049,0.9883541798108729,False,False
BG_0275,0.4262433103874621,0.4275967464279897,-0.004573683522122154,0.8833684834802621,0.991795783636621,False,False
BG_0237,0.42454739252049756,0.42595224391537384,-0.0047660784250798775,0.9708422320089284,0.9924713502209086,False,False
BG_0310,0.42171791768802114,0.4231612836262143,-0.0049293174782121425,0.8723833791169666,0.991555113930027,False,False
BG_0149,0.4028909566646625,0.40428184027667896,-0.004971978449170593,0.9890145971332337,0.9958711862109967,False,False
BG_0358,0.4170808361649495,0.41855754981236737,-0.0050989751294599405,0.7493777335868543,0.9834760650125182,False,False
BG_0421,0.4114824254865344,0.4129593733753553,-0.00516904329024201,0.7612101098750845,0.9834760650125182,False,False
BG_0299,0.4209794691546324,0.4225050724482556,-0.005218786113059061,0.756158285680335,0.9834760650125182,False,False
BG_0420,0.4080883547723916,0.40957260509237586,-0.005237679265960523,0.778629070471756,0.9834760650125182,False,False
BG_0147,0.41107118904164985,0.4125746685491617,-0.0052669841503729265,0.8092145140070849,0.9883541798108729,False,False
BG_0543,0.41041747162920134,0.4119263604030296,-0.00529430320854991,0.9959457772426434,0.9982754749671877,False,False
BG_0249,0.41197048993781943,0.4135923007550673,-0.005668330645710798,0.8465017129301993,0.9883541798108729,False,False
BG_0684,0.4242412841011282,0.4259591295227448,-0.005829991149521471,0.9716259776375056,0.9924713502209086,False,False
BG_0588,0.42815312033829095,0.42991030340981057,-0.005908847240967112,0.9258236999949918,0.9924713502209086,False,False
TGFBR2,0.4138857355287697,0.41566941878991304,-0.006204084074812322,0.7349408354742615,0.9834760650125182,False,False
BG_0305,0.41306621494669876,0.4148952074040699,-0.006373926535570759,0.45332373184107233,0.9517936839646107,False,False
BG_0711,0.41679333277519304,0.4186529796200056,-0.006422693288805441,0.5925367013492656,0.9778158645574754,False,False
BG_0264,0.42801386910756184,0.429991511205102,-0.006650633119264492,0.9502702834488257,0.9924713502209086,False,False
BG_0269,0.41306590757569567,0.41500085656918084,-0.0067423220420211784,0.713132697114901,0.9819946848923619,False,False
BG_0090,0.4093779756548804,0.4113018545311536,-0.00676408873811122,0.7952729440532965,0.9834760650125182,False,False
BG_0241,0.4122384648147077,0.414230402768087,-0.006954320203356618,0.6233710324249948,0.9808471994306741,False,False
BG_0290,0.4047130496845335,0.4066898429885615,-0.007029591747225943,0.6410379506811892,0.9808471994306741,False,False
BG_0680,0.4230582792131559,0.42533502008274193,-0.007743226283525806,0.9376807523192455,0.9924713502209086,False,False
BG_0705,0.4087031004191286,0.4109194523122201,-0.007802439471851173,0.9511183599415822,0.9924713502209086,False,False
BG_0685,0.4197987746964639,0.4221002595091083,-0.007887760555624134,0.748631402565936,0.9834760650125182,False,False
BG_0388,0.3998825700174698,0.40211035850854754,-0.008015102280038282,0.9994768715287881,0.9994768715287881,False,False
BG_0281,0.408349348222631,0.41064972088033186,-0.00810439249085113,0.6048256746917886,0.9785723665732299,False,False
BG_0170,0.4103711545819354,0.4126848473146728,-0.008111141444796873,0.8853086395387381,0.991795783636621,False,False
BG_0406,0.43653101236695907,0.43901224290508667,-0.008177022789233358,0.6640842325130876,0.9819946848923619,False,False
BG_0610,0.4196389291046796,0.422048104011834,-0.008258922964150036,0.6710646416635152,0.9819946848923619,False,False
BG_0048,0.3993642088528153,0.4016850691851838,-0.008359792968307963,0.7060506416946415,0.9819946848923619,False,False
BG_0267,0.401715602565619,0.4041361514512741,-0.008666915120595777,0.9700582368489418,0.9924713502209086,False,False
BG_0401,0.414850303365781,0.41756129480308446,-0.009397148572290268,0.6555396197622281,0.9808471994306741,False,False
BG_0387,0.4228002732449301,0.4255974265724688,-0.00951311833374251,0.968097938708643,0.9924713502209086,False,False
BG_0704,0.4160920644519346,0.4189163489576875,-0.009759414931023551,0.6865443211520719,0.9819946848923619,False,False
BG_0262,0.42143323525314813,0.4244176267156883,-0.010180481744560316,0.43170740539280616,0.9517936839646107,False,False
BG_0671,0.4117886168839916,0.4147351682843309,-0.010286438643891591,0.8037564482056052,0.9883541798108729,False,False
BG_0301,0.40330797850350253,0.40623244947231063,-0.010423539014807855,0.6951248411452389,0.9819946848923619,False,False
BG_0449,0.4024055335975614,0.40534546194924986,-0.010501847242083868,0.8809742637363851,0.991795783636621,False,False
BG_0500,0.4108935825172642,0.413903483753911,-0.010529593378434461,0.6971212803458926,0.9819946848923619,False,False
BG_0639,0.3952539956029671,0.39822322023604584,-0.010797299689830862,0.8712203656799914,0.991555113930027,False,False
BG_0437,0.40821586870030074,0.411302956076795,-0.010869174887483329,0.8880289531698864,0.991795783636621,False,False
BG_0689,0.4168418017885095,0.42011181705966216,-0.01127340563251846,0.961303426314854,0.9924713502209086,False,False
BG_0209,0.40208970446267855,0.40525913163041594,-0.011327297798966816,0.8357384590231075,0.9883541798108729,False,False
BG_0253,0.40232626996677395,0.4055231894241384,-0.011418473751631289,0.8941169429835224,0.991795783636621,False,False
BG_0672,0.4189291502694111,0.42233212084173105,-0.011671702276301498,0.5711851751467216,0.9751109464158175,False,False
BG_0682,0.4184206645139236,0.42186242772438726,-0.011818499098269732,0.9605856785934448,0.9924713502209086,False,False
BG_0602,0.42121329344049524,0.42468338032076197,-0.011836682592429964,0.9640473209894,0.9924713502209086,False,False
BG_0731,0.4162466761162005,0.4196800522921437,-0.01185114069945671,0.9050165750188689,0.991795783636621,False,False
BG_0793,0.4007357758344957,0.4042478500883888,-0.012588788382099494,0.6356570551720471,0.9808471994306741,False,False
BG_0495,0.3953515871285468,0.3988171588851995,-0.012591265895669973,0.8427814453462391,0.9883541798108729,False,False
BG_0102,0.4214466375887211,0.42522226053380136,-0.012867151772520366,0.5297232412144354,0.9517936839646107,False,False
BG_0242,0.4030973934050331,0.4067283891802864,-0.012937238637663237,0.762021198731216,0.9834760650125182,False,False
BG_0576,0.4079745802689404,0.41169367649344096,-0.013092024624185093,0.917623488386526,0.9924713502209086,False,False
BG_0021,0.41113943309174433,0.415001539107101,-0.013488937054660219,0.7116671300120887,0.9819946848923619,False,False
BG_0321,0.4246967605502203,0.4286894453739738,-0.013499793142677324,0.9665299166281061,0.9924713502209086,False,False
BG_0614,0.4117082248548797,0.4156466134593933,-0.013735186797459132,0.9088488978186913,0.991795783636621,False,False
BG_0185,0.4067763510419721,0.41069017919945944,-0.013814641723479957,0.9637204700178847,0.9924713502209086,False,False
BG_0312,0.41231321013454003,0.4163953540293305,-0.014213287136887229,0.7746106807491997,0.9834760650125182,False,False
BG_0474,0.3938199644958736,0.39783506239964084,-0.014634181065305627,0.6574897678515856,0.9808471994306741,False,False
BG_0186,0.404779689972478,0.4089105972551074,-0.014648548091398657,0.624528454430674,0.9808471994306741,False,False
BG_0613,0.3963089969525971,0.40044478519922655,-0.014977612702019825,0.8704479240943445,0.991555113930027,False,False
BG_0619,0.41674997931928826,0.42112403175525526,-0.015063078699136324,0.6522818650365647,0.9808471994306741,False,False
BG_0583,0.4108907761430294,0.4152289385345774,-0.015152048274198823,0.9577768302354869,0.9924713502209086,False,False
BG_0261,0.4270157632776957,0.4315657369961927,-0.01529100258527798,0.9711036867852793,0.9924713502209086,False,False
BG_0554,0.4029069534750886,0.40728104614244126,-0.015577972311729664,0.7664641715014162,0.9834760650125182,False,False
BG_0741,0.4174116028151219,0.42201916827840286,-0.015837824468086462,0.9277766882783124,0.9924713502209086,False,False
BG_0142,0.42281236450612675,0.42759455557817505,-0.01622591704540766,0.7046570135536316,0.9819946848923619,False,False
BG_0009,0.41826090990238535,0.4230023779202558,-0.016262601560965814,0.9178837717109742,0.9924713502209086,False,False
BG_0494,0.4071070060003699,0.4117967660594783,-0.01652445080796514,0.6136640072967208,0.9808471994306741,False,False
BG_0674,0.4118873267744039,0.41664004853922115,-0.016551784612264135,0.8427861559528319,0.9883541798108729,False,False
BG_0536,0.396216017633521,0.4008638582229361,-0.016825145815481474,0.6571365739310675,0.9808471994306741,False,False
BG_0042,0.4069436607337156,0.41175704625402276,-0.01696426392301821,0.5394253212191227,0.9517936839646107,False,False
BG_0345,0.398949745755908,0.4036927507552111,-0.017050653235719335,0.8774210209953289,0.991795783636621,False,False
BG_0468,0.40227226658022724,0.4070632404297826,-0.017080666526210292,0.716375552927964,0.9829665730318168,False,False
BG_0540,0.41721307737297414,0.4222254238038459,-0.01722907222246987,0.9867916619300505,0.9958711862109967,False,False
BG_0282,0.4272676210557215,0.4324273920650319,-0.017317921632077966,0.7122746023377502,0.9819946848923619,False,False
BG_0713,0.4118304984925865,0.41681080241918733,-0.0173419941421002,0.7904686924292871,0.9834760650125182,False,False
BG_0534,0.42387646377626326,0.4290243145009589,-0.017415551932509446,0.6166666106222863,0.9808471994306741,False,False
BG_0644,0.4065558498526527,0.41149794842525733,-0.017431684468816346,0.9929378573452078,0.9964259294436102,False,False
BG_0779,0.4221544730102851,0.4272997944579954,-0.017477622532470857,0.9616307411099272,0.9924713502209086,False,False
BG_0512,0.42245116001618205,0.42764934241898905,-0.017643761940412027,0.4912880032992013,0.9517936839646107,False,False
BG_0167,0.42362925265558626,0.4288557273552519,-0.017690173509645163,0.6308137014905986,0.9808471994306741,False,False
BG_0274,0.40875029343346914,0.4138241978044223,-0.01779824099298003,0.659155525184849,0.9808471994306741,False,False
BG_0453,0.42759882136669675,0.4330017500710642,-0.018114979511051652,0.9242598572837026,0.9924713502209086,False,False
BG_0227,0.41776999038712265,0.4230630078598196,-0.018163680405691898,0.9125525333488588,0.9924587830964111,False,False
BG_0435,0.42229173667599956,0.4276445419764855,-0.018172109975887977,0.3888652262411957,0.9517936839646107,False,False
BG_0238,0.42138785493843633,0.42679675935524414,-0.018400487886911312,0.870317313285635,0.991555113930027,False,False
BG_0032,0.42563300237581075,0.43112430553397485,-0.0184938821003088,0.5566244529311164,0.9656420165221998,False,False
BG_0545,0.4164990197064232,0.42194689222669696,-0.01874832751089593,0.7782530717612633,0.9834760650125182,False,False
BG_0569,0.4050460137079623,0.41040232701944823,-0.018953102007213465,0.9021597583026627,0.991795783636621,False,False
BG_0146,0.4143182596254596,0.41986907292272435,-0.019200121367670884,0.6924563579817413,0.9819946848923619,False,False
BG_0298,0.41669099361009837,0.42230345390310936,-0.019302128730736997,0.649155838636255,0.9808471994306741,False,False
BG_0126,0.40869627370907147,0.4142122146216706,-0.019341007895896864,0.5837802763542349,0.9778158645574754,False,False
BG_0047,0.4120661541988312,0.41783444201051145,-0.02005544826374261,0.9665293848187312,0.9924713502209086,False,False
BG_0196,0.4195098482080357,0.42543444579900264,-0.020232168458262475,0.8459934606830326,0.9883541798108729,False,False
BG_0473,0.41443201706565536,0.4203072143476378,-0.02030875663439,0.5478003364198981,0.9561403020607998,False,False
BG_0762,0.4103524123975848,0.41627093595964054,-0.020659398313583117,0.9088485525596619,0.991795783636621,False,False
BG_0759,0.4096163663578036,0.4156464798437039,-0.021083633398882373,0.8950244198590458,0.991795783636621,False,False
BG_0330,0.40784547118276554,0.41389480712417615,-0.021241515972100618,0.5184061883502651,0.9517936839646107,False,False
BG_0362,0.4106101365078427,0.4167086896470434,-0.021269942036159842,0.7136233667024392,0.9819946848923619,False,False
BG_0521,0.41229795342237047,0.4185674900074473,-0.021772962370401532,0.7876960495669799,0.9834760650125182,False,False
BG_0046,0.4099757655208339,0.41622350294320115,-0.021819800518775096,0.8310037713951721,0.9883541798108729,False,False
BG_0370,0.41545818964972603,0.42185692814135184,-0.022050498800927236,0.9165174812405371,0.9924713502209086,False,False
BG_0079,0.40982450655206853,0.4161661105016103,-0.02215323067789498,0.9500084376621671,0.9924713502209086,False,False
BG_0563,0.4205244604620333,0.42719290995327724,-0.02269798353309951,0.7034413086323806,0.9819946848923619,False,False
BG_0411,0.40375515867994793,0.4102278123310447,-0.02294461305483065,0.7009490471751607,0.9819946848923619,False,False
BG_0380,0.42466302271794676,0.4316895055095229,-0.02367552857781245,0.7168659371585595,0.9829665730318168,False,False
BG_0513,0.4281066129890388,0.4353158615622614,-0.024092467318746834,0.7460225933651154,0.9834760650125182,False,False
BG_0432,0.4109095710447567,0.41790333017016296,-0.024348320554647803,0.8824627099398638,0.991795783636621,False,False
BG_0216,0.4166974687325336,0.4238458959595192,-0.02453948146125223,0.6900402537343431,0.9819946848923619,False,False
BG_0284,0.4106089151807542,0.41767115508013436,-0.024602560800247014,0.6921001236526622,0.9819946848923619,False,False
BG_0541,0.4159747451280069,0.42339287288078253,-0.02550104277924899,0.672316130783597,0.9819946848923619,False,False
BG_0122,0.40994180031735683,0.4172936236823494,-0.02564377215324834,0.2359199537102098,0.9105822237541239,False,False
BG_0368,0.4110463795523867,0.41843228512411734,-0.025692983850934836,0.7859281060545533,0.9834760650125182,False,False
BG_0219,0.4269753766768634,0.43469676333689633,-0.025856480450488613,0.593326609540216,0.9778158645574754,False,False
BG_0755,0.41431116512340566,0.4219484660303994,-0.02635210903405024,0.7806409889418886,0.9834760650125182,False,False
BG_0488,0.421567272270159,0.42936718793416767,-0.02644907533954942,0.853441361967458,0.991555113930027,False,False
BG_0770,0.4035544129921574,0.41106823738414333,-0.026614689913112874,0.754538682807186,0.9834760650125182,False,False
BG_0352,0.4120731380113492,0.419761018368342,-0.026667774070148153,0.845351138067383,0.9883541798108729,False,False
BG_0029,0.42993356996456744,0.43796515949205483,-0.026702343880889438,0.7044765290628451,0.9819946848923619,False,False
BG_0348,0.4203591937985875,0.4282446054699476,-0.02681244597040808,0.863999044898349,0.991555113930027,False,False
BG_0071,0.43110203150290477,0.43937147434326784,-0.02741184657296494,0.82608897241652,0.9883541798108729,False,False
BG_0255,0.40923958962903295,0.4171459853379898,-0.027606643389505126,0.3534632107573866,0.9517936839646107,False,False
BG_0392,0.4119996101404048,0.4200215560078075,-0.027820398382059765,0.7100774416340081,0.9819946848923619,False,False
BG_0710,0.41111932912032856,0.41912827765337773,-0.02783465716549738,0.886603839367753,0.991795783636621,False,False
BG_0567,0.39784700600507195,0.4056180049621769,-0.027907951453832756,0.9900609692552733,0.9958711862109967,False,False
BG_0287,0.41487008457988694,0.4229945134576656,-0.027979319459632404,0.5188836108079942,0.9517936839646107,False,False
BG_0256,0.40158601151356016,0.409456138038897,-0.027999898437438536,0.6706990274379196,0.9819946848923619,False,False
BG_0654,0.41954374100563585,0.42798385632602537,-0.02873514703845259,0.9087834900261273,0.991795783636621,False,False
BG_0678,0.39894702596195986,0.4072929243557246,-0.029869560103281817,0.9114481682638361,0.9924587830964111,False,False
BG_0052,0.4089605969934555,0.41754178984646867,-0.02995875013593449,0.7232407227933765,0.9834760650125182,False,False
BG_0464,0.4009253227200331,0.40940119242827233,-0.03018176240268775,0.6675399331225773,0.9819946848923619,False,False
BG_0456,0.40435158156008777,0.41291877940393273,-0.030247778930233043,0.24711111031550537,0.9105822237541239,False,False
BG_0272,0.406412582879898,0.41518023388071684,-0.03079269087579493,0.509266324638947,0.9517936839646107,False,False
BG_0135,0.4018342063426307,0.41050915376513974,-0.03081401293829304,0.5817584673843108,0.9778158645574754,False,False
BG_0669,0.4318614993242656,0.4411913925286854,-0.030835939518871706,0.4529296816952805,0.9517936839646107,False,False
BG_0661,0.40867092075317096,0.4176770408203699,-0.03144825145434282,0.492427006929851,0.9517936839646107,False,False
BG_0366,0.39382575106309387,0.4025439380797697,-0.03158881570493104,0.4595615082311989,0.9517936839646107,False,False
TEK,0.415492867313696,0.4247165785513442,-0.031676713761833224,0.3178597856893598,0.9397067519089417,False,False
BG_0150,0.4040433539649401,0.41303138902469777,-0.03174132301637276,0.5156478149947699,0.9517936839646107,False,False
BG_0386,0.4242768486867965,0.4338260172804029,-0.03211061854610962,0.852026767143904,0.991555113930027,False,False
BG_0574,0.4111841794986781,0.4204876115859426,-0.032278539156423335,0.8125188402645565,0.9883541798108729,False,False
BG_0624,0.4152449530465113,0.42467914527628725,-0.032410630434446155,0.9198357246828638,0.9924713502209086,False,False
BG_0630,0.4202619184353378,0.4298489450532957,-0.0325410313957474,0.6379349286037529,0.9808471994306741,False,False
BG_0605,0.4098153619453002,0.4191767191590112,-0.03258452777882743,0.3322818835661939,0.9492185807207606,False,False
BG_0120,0.4166427591141355,0.4261959352885271,-0.0327059263893042,0.860778410464828,0.991555113930027,False,False
BG_0611,0.41194078672231293,0.42142725939625764,-0.032846659616341256,0.501193250763767,0.9517936839646107,False,False
BG_0260,0.3987522728149212,0.40800460331284927,-0.03309268750018336,0.9241305870514264,0.9924713502209086,False,False
BG_0089,0.4101654730376452,0.41970928022645204,-0.03318430956656577,0.6606958220799646,0.9808471994306741,False,False
BG_0091,0.40540601250349534,0.41489418839480746,-0.03337596357419329,0.4174367310940289,0.9517936839646107,False,False
BG_0393,0.41088699597256917,0.42053480348391636,-0.033483531096732924,0.5221797001737853,0.9517936839646107,False,False
BG_0018,0.40218050876912875,0.41172416004209,-0.03383494400020845,0.7311796983642409,0.9834760650125182,False,False
BG_0178,0.41086385017737026,0.42063336995548495,-0.03390290673244242,0.7424884543153691,0.9834760650125182,False,False
BG_0496,0.4022683266878443,0.4119185667951992,-0.034201006354645534,0.5114652701005888,0.9517936839646107,False,False
BG_0137,0.41044329030920146,0.42032493595158105,-0.034322144489263476,0.7991957448558392,0.9869031027974844,False,False
BG_0169,0.4082349243416065,0.41807574759924676,-0.03436474600916857,0.47339963825056863,0.9517936839646107,False,False
BG_0118,0.40675180623229557,0.41659595446190817,-0.03450007714249491,0.97149567752664,0.9924713502209086,False,False
BG_0288,0.4117889452314662,0.42175678616993584,-0.034506181705394316,0.5328317587433313,0.9517936839646107,False,False
COL1A1,0.40415381315748017,0.41406815812087294,-0.03496380416137743,0.21839935792402476,0.9018530106705894,False,True
BG_0125,0.40519978519242533,0.4151790825104382,-0.03510035055717729,0.3765360440521637,0.9517936839646107,False,False
BG_0379,0.41110843548738807,0.42128130178118,-0.035264909804799585,0.27488234576339154,0.9308026619533413,False,False
BG_0332,0.39752840994816535,0.40740866921211044,-0.03541871121862004,0.503547501968791,0.9517936839646107,False,False
BG_0086,0.4156995571146513,0.4261902755323512,-0.035956464319481816,0.4753343545902382,0.9517936839646107,False,False
BG_0457,0.41321008616508503,0.42392595200486777,-0.036936818566719376,0.5268262767515505,0.9517936839646107,False,False
BG_0296,0.41534250710419346,0.42612370371368863,-0.03697077759672785,0.5404518427799707,0.9517936839646107,False,False
BG_0431,0.4195948881003526,0.43049633203862725,-0.03700384371419628,0.37309251487829465,0.9517936839646107,False,False
BG_0043,0.40050185571202623,0.41097466212859335,-0.03724052266495906,0.2800682844309549,0.9308026619533413,False,False
BG_0725,0.4171743259746053,0.4282693528131831,-0.037868067611626706,0.2560684744118801,0.9105822237541239,False,False
BG_0199,0.4052998499031273,0.41616850454053184,-0.038178145539519086,0.9324664786649068,0.9924713502209086,False,False
BG_0616,0.40689298016613545,0.41782206295824537,-0.038239284619639144,0.43767937133170987,0.9517936839646107,False,False
BG_0581,0.41030353645183015,0.42146342893606736,-0.0387158625812669,0.6615282161854489,0.9808471994306741,False,False
BG_0000,0.4187901160675091,0.4302446579182177,-0.03892988593058659,0.5076318681068843,0.9517936839646107,False,False
BG_0470,0.41944274612458443,0.4310264442459212,-0.03930248752413476,0.5186185404495715,0.9517936839646107,False,False
BG_0231,0.41230158174465437,0.42372199888130635,-0.03941803680863619,0.4640571560163137,0.9517936839646107,False,False
BG_0201,0.40519201055754156,0.4164577155471633,-0.039564293165161524,0.5864290587278589,0.9778158645574754,False,False
BG_0202,0.42364041502463634,0.4355455165548774,-0.03998326703970685,0.5257552668859014,0.9517936839646107,False,False
BG_0455,0.4182924834252734,0.43013562490154905,-0.040279550348053264,0.457826019749513,0.9517936839646107,False,False
BG_0423,0.4184266531419731,0.43035511594386194,-0.04055286729990073,0.395757690601069,0.9517936839646107,False,False
BG_0428,0.41626124015617555,0.4281299781638146,-0.04055962897489609,0.7105684495271178,0.9819946848923619,False,False
BG_0757,0.4235040475185912,0.43574618036639323,-0.041112260362534826,0.5242083855159071,0.9517936839646107,False,False
BG_0511,0.42367923640186067,0.43592668524961486,-0.04111309387676032,0.6155112367354789,0.9808471994306741,False,False
BG_0220,0.40277179503930993,0.4144493505594408,-0.041233143115057144,0.4547473231145329,0.9517936839646107,False,False
BG_0767,0.42413674061825607,0.43653827355850794,-0.04157868687012297,0.6514612454048304,0.9808471994306741,False,False
BG_0193,0.404445577841516,0.41633182697646637,-0.04178826440653578,0.9475948162951087,0.9924713502209086,False,False
BG_0413,0.40036364664170077,0.41215973200468914,-0.04189257830450984,0.42853371981300614,0.9517936839646107,False,False
BG_0799,0.40525646689634437,0.41723114625032104,-0.042011651082608355,0.7604022175775816,0.9834760650125182,False,False
BG_0466,0.4210592476871692,0.4335122847284223,-0.04204962593988464,0.5990120523835176,0.9778158645574754,False,False
BG_0070,0.4243449159385951,0.4370235705279288,-0.04247369978366999,0.5747004830960982,0.9778158645574754,False,False
PDGFB,0.422341397501728,0.4349649370285142,-0.04248944285095344,0.4570740338234107,0.9517936839646107,False,True
BG_0117,0.40681619793275214,0.4189914986580102,-0.04254384874601413,0.39348316031792385,0.9517936839646107,False,False
BG_0245,0.41547700160373247,0.4281450631021631,-0.04333107001204323,0.48953956935653276,0.9517936839646107,False,False
BG_0751,0.4093961997136053,0.4219049607611542,-0.043420340500680575,0.942244358881596,0.9924713502209086,False,False
BG_0084,0.4094882226470825,0.42213468976125584,-0.04388143162168169,0.1563854595034147,0.8408540253575056,False,False
BG_0107,0.39540836843973354,0.4076299373761215,-0.043916605926205075,0.462554793686603,0.9517936839646107,False,False
BG_0587,0.4071490639449632,0.4198763369516683,-0.04440739872903022,0.5477462412565999,0.9561403020607998,False,False
BG_0758,0.4128022407939545,0.4257592603266392,-0.04458710698231598,0.5302531941003548,0.9517936839646107,False,False
BG_0436,0.4144489853145889,0.42756559537060607,-0.044951238609473906,0.4638448888777076,0.9517936839646107,False,False
BG_0572,0.4240947734520272,0.43755315700671876,-0.04507159298296225,0.4995870045527109,0.9517936839646107,False,False
BG_0189,0.40171962754776025,0.41456500366471866,-0.04540938210993228,0.48153602291193287,0.9517936839646107,False,False
BG_0214,0.4154054076897713,0.4287200942820799,-0.04551604132447801,0.45208711650521216,0.9517936839646107,False,False
BG_0197,0.4091305270219729,0.42226770833494204,-0.04559673850903767,0.7332141664206806,0.9834760650125182,False,False
BG_0658,0.39993242481437696,0.41280148703818076,-0.04569191435526695,0.903068406870537,0.991795783636621,False,False
BG_0524,0.39512327194839286,0.4078865526366641,-0.04586512399039595,0.24949438526108325,0.9105822237541239,False,False
BG_0026,0.4069512656282922,0.4202247083480471,-0.04630495683986922,0.2681275254124519,0.9208420452715159,False,False
BG_0158,0.4034305627943608,0.4168039890937662,-0.04704870252630782,0.3672664573845916,0.9517936839646107,False,False
BG_0586,0.4233067179763585,0.43736305442630335,-0.047127971335805006,0.3032738182598217,0.9335712627068242,False,False
BG_0784,0.40892113252768225,0.4225141906306391,-0.047177175351396476,0.28661392954810694,0.9308026619533413,False,False
BG_0526,0.41050143975376135,0.4241861858518582,-0.047310356500390435,0.25654462720006943,0.9105822237541239,False,False
CXCL10,0.4012356195285249,0.41464359210917456,-0.04742211083720278,0.4785751608910658,0.9517936839646107,False,True
BG_0407,0.3985777566534612,0.4119082266234848,-0.04746173973328761,0.9418535996603766,0.9924713502209086,False,False
BG_0404,0.422860096154741,0.43714323178269926,-0.04792563751760157,0.15698558233045612,0.8408540253575056,False,False
BG_0477,0.4094372115406047,0.4232881934824844,-0.04799802191737858,0.48372927549837597,0.9517936839646107,False,False
BG_0542,0.4132747898401812,0.42729373462135745,-0.04812680242499648,0.5784475179380154,0.9778158645574754,False,False
BG_0582,0.40233630630292244,0.41598498515562465,-0.04812952493769107,0.19271267184233243,0.8692355777309415,False,False
BG_0233,0.40893921029512076,0.42283886932868425,-0.048221602756337384,0.19223540046480148,0.8692355777309415,False,False
BG_0596,0.42225643964898757,0.436712530100175,-0.048564500226056045,0.4151913034343886,0.9517936839646107,False,False
BG_0461,0.4075048194510592,0.42151643778855563,-0.0487717709268525,0.4743693437091392,0.9517936839646107,False,False
BG_0490,0.416176898124768,0.43056384383374013,-0.049030292068745526,0.29273702766076504,0.9308026619533413,False,False
BG_0001,0.40658434557895884,0.42084713591055917,-0.049741629844783176,0.4611591268690173,0.9517936839646107,False,False
BG_0761,0.4254089143504923,0.4403776862187712,-0.04989110493450815,0.2448213682218805,0.9105822237541239,False,False
BG_0708,0.4039709824475596,0.4182437043052596,-0.05009215719651713,0.6020843755984171,0.9782709582948552,False,False
BG_0168,0.40731903231302136,0.42181846229282105,-0.050463013861666864,0.8384276549407125,0.9883541798108729,False,False
BG_0797,0.41470061178625495,0.4295443279046906,-0.05073684600259909,0.569960997599448,0.9751109464158175,False,False
BG_0471,0.41351486804715015,0.42841458070727223,-0.05106837891153674,0.6736915603965612,0.9819946848923619,False,False
BG_0065,0.40351617381575067,0.41808094872355306,-0.051155802534763505,0.6340731811028679,0.9808471994306741,False,False
BG_0037,0.4200236637665522,0.4352052962323253,-0.051225503216966936,0.6072943899644825,0.9785723665732299,False,False
BG_0467,0.41536765576909235,0.43039112940368274,-0.05125946401693188,0.40006097786108474,0.9517936839646107,False,False
BG_0328,0.40317635965285414,0.4178289777309564,-0.05150150270307009,0.3255437843364062,0.9425372404604733,False,False
BG_0188,0.40341786859810547,0.41820083239161604,-0.051920946791770874,0.20526556461474865,0.8884474185597959,False,False
BG_0483,0.42484993735241255,0.44043350109322815,-0.05197085794800869,0.441561267449191,0.9517936839646107,False,False
BG_0643,0.41440876271840243,0.42963388587773194,-0.0520532760713021,0.5590491242090824,0.96788908979229,False,False
BG_0412,0.42513268452692154,0.44076950844300206,-0.052111245848116446,0.3630644440639821,0.9517936839646107,False,False
BG_0527,0.4123539501601026,0.4276568221309895,-0.05257032656638386,0.37133165679303937,0.9517936839646107,False,False
BG_0068,0.3972936362178701,0.4120529002991756,-0.05262388104028153,0.2887312870038875,0.9308026619533413,False,False
PDGFA,0.4138153292834638,0.42920071872652316,-0.052665402926296546,0.5553574215854762,0.9653981953321563,False,True
BG_0103,0.41951268355143845,0.43527942030873806,-0.05322738239296656,0.34443605078477524,0.9517936839646107,False,False
BG_0177,0.42675964596487925,0.44285707559012116,-0.05341740661796038,0.517239055671765,0.9517936839646107,False,False
BG_0154,0.41384046709186284,0.429487222107136,-0.053540484657336435,0.36030233437674075,0.9517936839646107,False,False
BG_0339,0.41729337498640834,0.43307306521532946,-0.05354843109043369,0.5981004676654587,0.9778158645574754,False,False
BG_0128,0.3863477456027506,0.40101336376395635,-0.05375033563539691,0.4127358399511277,0.9517936839646107,False,False
BG_0017,0.4082655567752041,0.4238217640281106,-0.05394981458035847,0.765087034907091,0.9834760650125182,False,False
BG_0036,0.40218961592318836,0.4176124999276422,-0.05428906174543086,0.4278735271962273,0.9517936839646107,False,False
BG_0694,0.3970876445064956,0.4123444743558999,-0.05439260309014183,0.4367599492136309,0.9517936839646107,False,False
BG_0537,0.406934307387699,0.4226132849404609,-0.05454220466940439,0.3525695016429785,0.9517936839646107,False,False
BG_0085,0.4045132310235908,0.42022449945787077,-0.05497338302559737,0.5125265085052979,0.9517936839646107,False,False
BG_0156,0.40189892907052116,0.417574533277012,-0.05520099549537901,0.36800730464023423,0.9517936839646107,False,False
BG_0174,0.4105334515326045,0.42665124264854914,-0.0555574679247464,0.21806460399730265,0.9018530106705894,False,False
BG_0718,0.4097798875485001,0.42591565596868564,-0.05571858497898884,0.5212725481873504,0.9517936839646107,False,False
BG_0195,0.4020076419797003,0.41785802627118407,-0.05578992096937238,0.3512580753461192,0.9517936839646107,False,False
BG_0565,0.41885556088999204,0.4354175849846253,-0.05594684665470664,0.06495282782667981,0.7892044316250544,False,False
BG_0638,0.4119511124519707,0.42836666944207097,-0.05637309219181795,0.642802518847896,0.9808471994306741,False,False
BG_0463,0.4008369377194619,0.416909058293037,-0.05671725715139341,0.22518575345109082,0.9061884002938017,False,False
BG_0113,0.42927334747068774,0.446540418509584,-0.05689416431741343,0.29742713573076507,0.9308026619533413,False,False
ANXA1,0.41428303065554045,0.4310945729371451,-0.05738767284479753,0.25298384017577225,0.9105822237541239,False,True
BG_0291,0.41946810729428247,0.4366274497953361,-0.057841707349342616,0.2818051925826838,0.9308026619533413,False,False
BG_0599,0.40921064046807915,0.4259957832712815,-0.0579954908355326,0.43026389061821546,0.9517936839646107,False,False
CSF3,0.39944796033472063,0.41584395908433375,-0.058034711727461115,0.21870425193672305,0.9018530106705894,False,True
BG_0062,0.3980849829822717,0.4145228266904164,-0.058375099899066016,0.48501663813280316,0.9517936839646107,False,False
BG_0476,0.41758219643769223,0.43495830826844656,-0.058816917921178734,0.32703725743926426,0.943673163722052,False,False
BG_0714,0.40475553656706215,0.4216249211660288,-0.05890932850414499,0.17587389646344265,0.8612795958238305,False,False
BG_0568,0.4107650568533129,0.4278928008455044,-0.05893594725484852,0.5696817972942747,0.9751109464158175,False,False
BG_0369,0.4236317691533173,0.44136246593893214,-0.05915316157891909,0.2141395745916922,0.9018530106705894,False,False
BG_0060,0.42581622908878664,0.4439853757174654,-0.060281220797990615,0.404942878058259,0.9517936839646107,False,False
BG_0313,0.4033836121102728,0.4206180736342959,-0.060358368779324025,0.14670380284685414,0.8408540253575056,False,False
BG_0736,0.4065786324356271,0.4240476848688586,-0.06069211041219532,0.4987491453793542,0.9517936839646107,False,False
BG_0408,0.4117919717925492,0.4296246381821461,-0.061161027827635335,0.36527859130476004,0.9517936839646107,False,False
BG_0175,0.4096378132748328,0.42739641327251604,-0.06122590561055688,0.46245781585827683,0.9517936839646107,False,False
BG_0577,0.40897094362351577,0.42672889624211124,-0.06132146005359421,0.47685421145594875,0.9517936839646107,False,False
BG_0462,0.40975725640390737,0.4275507407793064,-0.06132614774389365,0.4355498071171243,0.9517936839646107,False,False
BG_0297,0.41640983790061503,0.4346521621994364,-0.06185716792517563,0.30085111084995364,0.9308026619533413,False,False
BG_0578,0.40351578371047964,0.4212093124562511,-0.061912226749143186,0.11639466066165158,0.8177191859000699,False,False
BG_0493,0.41791663301317145,0.43629971548862523,-0.062104354104160424,0.5961636982288209,0.9778158645574754,False,False
BG_0349,0.40183476814427144,0.4195205492927948,-0.06213908317062211,0.23421494652797725,0.9105822237541239,False,False
BG_0766,0.4169816254455656,0.4353820696837407,-0.062298182500433716,0.35311974978985194,0.9517936839646107,False,False
BG_0139,0.39909231783706817,0.41688441135226156,-0.06292491759799562,0.4127493710029776,0.9517936839646107,False,False
BG_0394,0.4019749318287498,0.42004011337795927,-0.06342157618583824,0.16658609372653255,0.8448072898605674,False,False
BG_0414,0.40863764654965645,0.4272924228856343,-0.06440161282285534,0.38558115684535,0.9517936839646107,False,False
BG_0239,0.4150958730335274,0.4340610505597979,-0.06445338312734408,0.8106762045833718,0.9883541798108729,False,False
BG_0005,0.4035408455504543,0.4220508160595356,-0.06470200634174626,0.3441043590651963,0.9517936839646107,False,False
BG_0006,0.40814433789990473,0.42692168248799234,-0.06489199276246668,0.26777672973876265,0.9208420452715159,False,False
BG_0743,0.41380460347246617,0.43292533696860674,-0.06516854188474622,0.3496418079946155,0.9517936839646107,False,False
CXCR4,0.40581295664826356,0.4246633183811618,-0.06550456911086845,0.42711099674899766,0.9517936839646107,False,False
BG_0252,0.41813948121973626,0.43766182830329703,-0.06583229068275652,0.2577572380529439,0.9105822237541239,False,False
BG_0064,0.40273905854470443,0.421552370503918,-0.06586647701321742,0.18264042012906856,0.8647670721028273,False,False
BG_0341,0.4213354610939108,0.4411086232709139,-0.06616462071080874,0.1732422542785399,0.8544246232891409,False,False
BG_0560,0.42024509853725955,0.44007136735372965,-0.06650651487869957,0.32377577115228606,0.9416313611261675,False,False
BG_0308,0.41973149747139654,0.43959887708929424,-0.06672097113391406,0.30767925241226657,0.9368277040056346,False,False
BG_0508,0.41966314205074023,0.4396146999893905,-0.06700786789098045,0.14040507655578147,0.8408540253575056,False,False
BG_0078,0.3987419529563832,0.41773607632743803,-0.06713633820876255,0.19127469768908445,0.8692355777309415,False,False
BG_0754,0.3991474332884391,0.41834555715405597,-0.06777337980941266,0.08429137169971339,0.7892044316250544,False,False
BG_0499,0.40805495676347747,0.42798617563151015,-0.06880072975602822,0.5975270423594503,0.9778158645574754,False,False
BG_0724,0.4050325206575311,0.4249344960062143,-0.06920271703335568,0.36262483752758845,0.9517936839646107,False,False
BG_0226,0.42171549857210305,0.44252746861496645,-0.06949696566563102,0.41829608839881083,0.9517936839646107,False,False
BG_0531,0.409681040118613,0.4300514266780721,-0.07000806439943992,0.18175409893153038,0.8647670721028273,False,False
BG_0211,0.40616819640593194,0.42636482301685663,-0.0700111354696669,0.17120614956067393,0.8544246232891409,False,False
BG_0763,0.40765485169604526,0.4279541356004076,-0.0701080040875149,0.44541087177450345,0.9517936839646107,False,False
BG_0250,0.39662558007020926,0.41647603723459264,-0.07045576358558707,0.24728963212576827,0.9105822237541239,False,False
BG_0270,0.4118597663628128,0.43258355757370703,-0.07082563023726354,0.20392026288700815,0.8878629298355124,False,False
BG_0028,0.40679067961316084,0.42734064146044193,-0.07109990390223175,0.11106070822778087,0.8177191859000699,False,False
BG_0002,0.4165506810861387,0.4376551767898201,-0.07130259866505574,0.3082676925666149,0.9368277040056346,False,False
BG_0775,0.4136050218606142,0.43484479735057224,-0.0722468707651311,0.14849322347224853,0.8408540253575056,False,False
BG_0546,0.40295939734958364,0.4237432243433778,-0.07255582125961003,0.1734771113795922,0.8544246232891409,False,False
BG_0405,0.3937461248450882,0.4141364438093082,-0.07284043985763948,0.49025657488881624,0.9517936839646107,False,False
BG_0285,0.39889893630787915,0.4196783194467283,-0.0732606592395123,0.08745298045190789,0.7892044316250544,False,False
BG_0728,0.39886810073821116,0.41976109103138654,-0.07365669563247468,0.2620488754404855,0.9166362704183513,False,False
BG_0486,0.41149235789357846,0.4330564362633173,-0.07368941276500622,0.19428790298341403,0.8717525280459991,False,False
BG_0603,0.40799897127424983,0.4293969565668604,-0.0737464512554309,0.5031312595873091,0.9517936839646107,False,False
BG_0337,0.407169178856458,0.42858984823744295,-0.07396931905584932,0.2581930926163969,0.9105822237541239,False,False
BG_0592,0.40894304207885296,0.4304938803667898,-0.07409281189784692,0.15932514502255213,0.8428496869402912,False,False
BG_0081,0.38339327989000327,0.40365942687615286,-0.0743135344308548,0.5654563414311008,0.9751109464158175,False,False
BG_0551,0.40154128378733683,0.4228387055053251,-0.07455911952976613,0.25204482751192125,0.9105822237541239,False,False
KDR,0.40205432392836143,0.42342985726314586,-0.07473255592868419,0.10015668172493508,0.7892044316250544,False,False
BG_0777,0.414534218075712,0.4366552555372969,-0.07500350930189753,0.15509513019528848,0.8408540253575056,False,False
BG_0417,0.40486921658939107,0.42652838806507204,-0.07518581010139896,0.2821167099563727,0.9308026619533413,False,False
BG_0067,0.40258545956459635,0.42422794010370213,-0.07554457496390385,0.39194320434369034,0.9517936839646107,False,False
BG_0562,0.3940480397077255,0.41547611093510134,-0.07639400307639725,0.28683327850512985,0.9308026619533413,False,False
BG_0491,0.4116894704721687,0.4341060387281767,-0.07649094144998231,0.27054342305986734,0.9237279424793079,False,False
BG_0210,0.40871336219184246,0.43119815264667544,-0.07726158665910278,0.5908384277703673,0.9778158645574754,False,False
IFNG,0.4107848081515814,0.4334344442432307,-0.07743097814985436,0.2909351545518932,0.9308026619533413,False,True
BG_0485,0.404844511097392,0.42759361367147275,-0.07887238830836821,0.28584372733800634,0.9308026619533413,False,False
BG_0730,0.4073820234107939,0.43055102041646126,-0.07980188776534099,0.22120177527245166,0.9027139114690051,False,False
BG_0429,0.3908795233316688,0.4131645897530018,-0.07999260402070733,0.3172129974540603,0.9397067519089417,False,False
BG_0119,0.4024755136167174,0.42542869270079037,-0.0800163248583837,0.4431150703465596,0.9517936839646107,False,False
BG_0329,0.40723569610906124,0.4305078735219118,-0.08017559728167611,0.19065380216119066,0.8692355777309415,False,False
BG_0075,0.4128790209758462,0.43648200637926593,-0.08020306633304256,0.1902536416950854,0.8692355777309415,False,False
BG_0503,0.41361284781929314,0.43727555141281466,-0.08026168794833011,0.15518483853491324,0.8408540253575056,False,False
BG_0235,0.4025267699762352,0.4256189879846972,-0.08047778208974939,0.16536521592244124,0.8448072898605674,False,False
BG_0080,0.4051513014221168,0.4285091627420003,-0.08086527879884994,0.23911122417379715,0.9105822237541239,False,False
BG_0315,0.40736263179889537,0.43115584609296626,-0.08189579678066249,0.10030536584047499,0.7892044316250544,False,False
BG_0633,0.39931193671868737,0.42280967179216955,-0.08249217940590363,0.3139819933235465,0.9397067519089417,False,False
VEGFC,0.4045430564922456,0.42835371657027826,-0.0825093456111398,0.2337310433897326,0.9105822237541239,False,True
BG_0640,0.41667181910429874,0.4413412893452369,-0.08298319475972776,0.37768767447162244,0.9517936839646107,False,False
BG_0791,0.4072801073021428,0.43142790870256287,-0.0830981554185654,0.24465821557178913,0.9105822237541239,False,False
BG_0448,0.38857567019739986,0.41164493971182875,-0.08320491876239065,0.16113427458250396,0.8448072898605674,False,False
BG_0076,0.4036627271751996,0.4278342442665364,-0.08390158234923019,0.060991241393324534,0.7892044316250544,False,False
BG_0066,0.4074984031172641,0.43200800848526744,-0.08426365125346112,0.28928637677442315,0.9308026619533413,False,False
BG_0208,0.41963103269620367,0.44491638397577266,-0.08441285397709812,0.24365997794996996,0.9105822237541239,False,False
BG_0786,0.42312163715238726,0.4488621324741506,-0.08519992814679829,0.24531901402652545,0.9105822237541239,False,False
BG_0265,0.4076286646889772,0.4325180205920521,-0.08550473674546037,0.10755900946038505,0.81573514254469,False,False
BG_0522,0.40463831792279026,0.42968974268534993,-0.08666239345073473,0.18131329345912006,0.8647670721028273,False,False
BG_0151,0.3975331272776098,0.422434515812284,-0.08765262940303375,0.555245114628027,0.9653981953321563,False,False
BG_0760,0.4154592465481073,0.442026565931225,-0.08942611231557679,0.05498884955810847,0.7892044316250544,False,False
BG_0750,0.39595649700766533,0.4217211090087372,-0.09094730386609057,0.3119347935127662,0.9397067519089417,False,False
BG_0111,0.4042389829129796,0.4306037488879411,-0.09115242466131447,0.20029737452302587,0.8848188142589338,False,False
BG_0054,0.4091390551579713,0.4358541932458241,-0.09125433040815811,0.43574640612287485,0.9517936839646107,False,False
BG_0440,0.4070314925625773,0.4339582671808636,-0.09241588648305696,0.2153803172747969,0.9018530106705894,False,False
BG_0723,0.4086935336979827,0.43602797604393334,-0.09340128551924261,0.3589572074339473,0.9517936839646107,False,False
BG_0207,0.4002148224587385,0.42707375247304274,-0.09371063384960554,0.26069093452206904,0.9156234872353,False,False
BG_0653,0.41630141931191567,0.44439577332559876,-0.09421661811427569,0.1522627715159188,0.8408540253575056,False,False
BG_0051,0.4040929892090513,0.43140586940795234,-0.09435848316273923,0.16250593788017997,0.8448072898605674,False,False
BG_0094,0.39716037657236397,0.42408747187403995,-0.09464016742248674,0.3061660054543687,0.9368277040056346,False,False
BG_0251,0.4186276221409058,0.44779829931497644,-0.09718154150476473,0.1395498296328303,0.8408540253575056,False,False
BG_0049,0.39551256223420855,0.4236967054238963,-0.09930839247833387,0.06400583911027134,0.7892044316250544,False,False
BG_0584,0.3945322193597425,0.4228430170624723,-0.09997903146843912,0.06561392653177467,0.7892044316250544,False,False
BG_0248,0.4024312020363019,0.4313590461046823,-0.10014704413446147,0.09548393265721272,0.7892044316250544,False,False
BG_0480,0.40416730452636984,0.4333692478343103,-0.10064416413930799,0.3462682050401077,0.9517936839646107,False,False
BG_0093,0.3992917603004304,0.42834807739649655,-0.10134031195789024,0.16439579845601837,0.8448072898605674,False,False
BG_0114,0.4006058156382905,0.43006209096686554,-0.1023616014094352,0.06730377407469872,0.7892044316250544,False,False
BG_0737,0.40312677418216397,0.4329105740102411,-0.10283543455769242,0.1318056405078891,0.8245068168997151,False,False
BG_0304,0.4232179880241873,0.4546707144919528,-0.10342113496798419,0.08661774019125315,0.7892044316250544,False,False
BG_0372,0.3890949372000535,0.41811315136749805,-0.10377121428294744,0.3708106765993915,0.9517936839646107,False,False
BG_0716,0.4055468869258801,0.43600366774667576,-0.10447155135162595,0.14224228482746262,0.8408540253575056,False,False
BG_0676,0.400442613300714,0.43079154899165595,-0.10539444078340945,0.09338062578187045,0.7892044316250544,False,False
BG_0690,0.3990470254555801,0.4298278991336697,-0.10720035780814008,0.12989087958965245,0.818503557414207,False,False
BG_0722,0.40307455300382744,0.43442497067979846,-0.10806032590640366,0.11370899002227798,0.8177191859000699,False,False
BG_0007,0.4272261946730945,0.46046947185424736,-0.10810540566054941,0.08135497854071293,0.7892044316250544,False,False
BG_0505,0.4005683260149988,0.432299358156417,-0.10998234624581406,0.24219526894697607,0.9105822237541239,False,False
BG_0283,0.39899480271460275,0.4306253114256598,-0.11006316706577148,0.1821212214479757,0.8647670721028273,False,False
HGF,0.40640160871558734,0.43896257560246965,-0.11119183298377754,0.09839398597463457,0.7892044316250544,False,True
BG_0646,0.407729812963082,0.4404542714420614,-0.11137879467835023,0.08958089717383592,0.7892044316250544,False,False
BG_0340,0.40690052816984323,0.43959470837470793,-0.11149786686007392,0.05448330282447005,0.7892044316250544,False,False
BG_0688,0.4192594250228898,0.4534643380622175,-0.11314588071450257,0.04797590162826242,0.7613953276929796,False,False
BMP4,0.39414692960076897,0.42635625709793123,-0.11332589340213689,0.11327862925821065,0.8177191859000699,False,True
BG_0607,0.39206545103047913,0.42477133416653967,-0.11559189210433206,0.0737207636423534,0.7892044316250544,False,False
BG_0038,0.3865361598617453,0.41884488089483674,-0.11581265870358791,0.08296060186838622,0.7892044316250544,False,False
BG_0478,0.41281337986382777,0.4474517206117411,-0.11624229478300638,0.020870888963029594,0.4968431067032323,False,False
BG_0367,0.4062522369004622,0.4404300981416894,-0.11653730646414195,0.06572699546127905,0.7892044316250544,False,False
CXCL1,0.38606859673531846,0.41872735484083246,-0.11715396172263019,0.10018390580783756,0.7892044316250544,False,True
BG_0778,0.4093536612263759,0.4443113383279319,-0.11822315904010489,0.07276127110436452,0.7892044316250544,False,False
BG_0556,0.4016073562738293,0.4364990531466571,-0.12019282887504584,0.1447101594144039,0.8408540253575056,False,False
BG_0764,0.400057301489973,0.43557806014393774,-0.12272463139722423,0.05590609638812181,0.7892044316250544,False,False
BG_0615,0.4038540325779554,0.43973401442266147,-0.12279718746289736,0.04785679609713285,0.7613953276929796,False,False
BG_0792,0.4023745146382084,0.4381587346205058,-0.12291468759537665,0.04983795728347606,0.7626987391417676,False,False
BG_0590,0.4106567042849116,0.44728975278430844,-0.1232768558303096,0.10627399349953874,0.8131858252598634,False,False
BG_0533,0.4077796561977817,0.4443777141928548,-0.12399666428180713,0.015882081844706186,0.447245720204573,False,False
BG_0116,0.3951284765285777,0.43150460810958874,-0.12705414256326533,0.019908020715174262,0.4968431067032323,False,False
BG_0030,0.40809145315925005,0.44651136088858867,-0.12980438736412056,0.040934385114629546,0.7016153608647504,False,False
BG_0664,0.4067224777440368,0.4454313330919164,-0.13115832121957902,0.08643414758870932,0.7892044316250544,False,False
BG_0397,0.42091024715468706,0.46132710419277545,-0.1322774242175512,0.029525899601124717,0.5781388121606332,False,False
BG_0452,0.39360139394669746,0.43261229177414817,-0.1363393270290521,0.008646180051777112,0.2943060294727526,False,False
BG_0130,0.40233341401859896,0.44227451156753067,-0.1365505420380498,0.029682739480825972,0.5781388121606332,False,False
BG_0514,0.41192430412368386,0.453278975388742,-0.1380199959122409,0.008221862433966927,0.2943060294727526,False,False
BG_0746,0.39542364093604465,0.4356609663786358,-0.13980673175443228,0.05617946992449379,0.7892044316250544,False,False
FLT1,0.39912489851399346,0.43994553053002877,-0.14048463438441575,0.06262303442378933,0.7892044316250544,False,False
BG_0717,0.40131021340921635,0.44473887079032826,-0.14824063033024507,0.11804439477894782,0.8177191859000699,False,False
BG_0289,0.40982845774801885,0.45444590650554806,-0.14908841214855328,0.006133041692539961,0.2766324595003551,False,False
BG_0794,0.39801327066516595,0.4413556410744566,-0.149125102984284,0.008750727509319012,0.2943060294727526,False,False
BG_0192,0.38722191229317166,0.43040420937914536,-0.15253159278946166,0.016699956880450798,0.447245720204573,False,False
BG_0547,0.3849997407457483,0.42806004454946495,-0.15295570525125626,0.019802672715503393,0.4968431067032323,False,False
BG_0683,0.4110001997969925,0.4597719183187528,-0.16177925742453625,0.011081345048301586,0.3517301002368318,False,False
BG_0027,0.4035875653517047,0.45180472114132725,-0.1628176209945387,0.020869027199118415,0.4968431067032323,False,False
BG_0273,0.40134637769984827,0.4494210631370251,-0.16321986447156683,0.006869318943797219,0.28033363499210556,False,False
BG_0115,0.39123022790182455,0.43863684732352015,-0.1650091669203332,0.016696108109408178,0.447245720204573,False,False
BG_0215,0.38982461312630695,0.43780473959674215,-0.16746238920796747,0.08865539477905518,0.7892044316250544,False,False
BG_0112,0.397468364574904,0.4485649452524767,-0.17447684261495303,0.006552515654409752,0.28033363499210556,False,False
BG_0538,0.38830458445146593,0.4395194479319067,-0.17873826312017205,0.003407114349039126,0.1946597998084354,False,False
BG_0655,0.3892873599282722,0.446608771171031,-0.1981760837746579,0.00103792329434467,0.0635357330895273,False,False
BG_0433,0.40069987439651455,0.4646693637914107,-0.21368247182816183,0.0041720499402399,0.21032039992856438,False,False
GFI1,0.06438890943259601,0.8709963049544671,-3.757782478371391,5.1607717270885306e-197,4.422781370114871e-194,False,False
